-- phpMyAdmin SQL Dump
-- version 5.1.1
-- https://www.phpmyadmin.net/
--
-- Host: localhost
-- Generation Time: Apr 17, 2026 at 03:49 AM
-- Server version: 10.4.20-MariaDB
-- PHP Version: 8.0.8

SET SQL_MODE = "NO_AUTO_VALUE_ON_ZERO";
START TRANSACTION;
SET time_zone = "+00:00";


/*!40101 SET @OLD_CHARACTER_SET_CLIENT=@@CHARACTER_SET_CLIENT */;
/*!40101 SET @OLD_CHARACTER_SET_RESULTS=@@CHARACTER_SET_RESULTS */;
/*!40101 SET @OLD_COLLATION_CONNECTION=@@COLLATION_CONNECTION */;
/*!40101 SET NAMES utf8mb4 */;

--
-- Database: `dailyfix`
--

-- --------------------------------------------------------

--
-- Table structure for table `absensi`
--

CREATE TABLE `absensi` (
  `id` int(11) NOT NULL,
  `karyawan_id` int(11) NOT NULL,
  `jadwal_id` int(11) DEFAULT NULL,
  `shift_id` int(11) DEFAULT NULL,
  `lokasi_id` int(11) DEFAULT NULL,
  `tanggal` date NOT NULL,
  `waktu_masuk` datetime DEFAULT NULL,
  `lat_masuk` decimal(10,8) DEFAULT NULL,
  `lng_masuk` decimal(11,8) DEFAULT NULL,
  `jarak_masuk` int(11) DEFAULT NULL COMMENT 'Jarak dari lokasi kerja dalam meter',
  `foto_masuk` mediumtext COLLATE utf8mb4_unicode_ci DEFAULT NULL,
  `waktu_keluar` datetime DEFAULT NULL,
  `lat_keluar` decimal(10,8) DEFAULT NULL,
  `lng_keluar` decimal(11,8) DEFAULT NULL,
  `jarak_keluar` int(11) DEFAULT NULL,
  `foto_keluar` mediumtext COLLATE utf8mb4_unicode_ci DEFAULT NULL,
  `status_kehadiran` enum('hadir','terlambat','absen','izin','sakit','libur') COLLATE utf8mb4_unicode_ci DEFAULT 'absen',
  `terlambat_detik` int(11) DEFAULT 0 COMMENT 'Durasi keterlambatan dalam detik',
  `pulang_cepat_detik` int(11) NOT NULL DEFAULT 0,
  `durasi_kerja` int(11) DEFAULT NULL COMMENT 'Durasi kerja dalam menit',
  `keterangan` text COLLATE utf8mb4_unicode_ci DEFAULT NULL,
  `device_info` text COLLATE utf8mb4_unicode_ci DEFAULT NULL,
  `ip_address` varchar(45) COLLATE utf8mb4_unicode_ci DEFAULT NULL,
  `created_at` timestamp NOT NULL DEFAULT current_timestamp(),
  `updated_at` timestamp NOT NULL DEFAULT current_timestamp() ON UPDATE current_timestamp()
) ENGINE=InnoDB DEFAULT CHARSET=utf8mb4 COLLATE=utf8mb4_unicode_ci;

--
-- Dumping data for table `absensi`
--

INSERT INTO `absensi` (`id`, `karyawan_id`, `jadwal_id`, `shift_id`, `lokasi_id`, `tanggal`, `waktu_masuk`, `lat_masuk`, `lng_masuk`, `jarak_masuk`, `foto_masuk`, `waktu_keluar`, `lat_keluar`, `lng_keluar`, `jarak_keluar`, `foto_keluar`, `status_kehadiran`, `terlambat_detik`, `pulang_cepat_detik`, `durasi_kerja`, `keterangan`, `device_info`, `ip_address`, `created_at`, `updated_at`) VALUES
(8, 16, 15, 23, 16, '2026-04-16', '2026-04-16 20:29:02', '-1.52183498', '102.12528790', 30, 'data:image/jpeg;base64,/9j/4AAQSkZJRgABAQAASABIAAD/4QBMRXhpZgAATU0AKgAAAAgAAYdpAAQAAAABAAAAGgAAAAAAA6ABAAMAAAABAAEAAKACAAQAAAABAAAB4KADAAQAAAABAAABaAAAAAD/7QA4UGhvdG9zaG9wIDMuMAA4QklNBAQAAAAAAAA4QklNBCUAAAAAABDUHYzZjwCyBOmACZjs+EJ+/8AAEQgBaAHgAwEiAAIRAQMRAf/EAB8AAAEFAQEBAQEBAAAAAAAAAAABAgMEBQYHCAkKC//EALUQAAIBAwMCBAMFBQQEAAABfQECAwAEEQUSITFBBhNRYQcicRQygZGhCCNCscEVUtHwJDNicoIJChYXGBkaJSYnKCkqNDU2Nzg5OkNERUZHSElKU1RVVldYWVpjZGVmZ2hpanN0dXZ3eHl6g4SFhoeIiYqSk5SVlpeYmZqio6Slpqeoqaqys7S1tre4ubrCw8TFxsfIycrS09TV1tfY2drh4uPk5ebn6Onq8fLz9PX29/j5+v/EAB8BAAMBAQEBAQEBAQEAAAAAAAABAgMEBQYHCAkKC//EALURAAIBAgQEAwQHBQQEAAECdwABAgMRBAUhMQYSQVEHYXETIjKBCBRCkaGxwQkjM1LwFWJy0QoWJDThJfEXGBkaJicoKSo1Njc4OTpDREVGR0hJSlNUVVZXWFlaY2RlZmdoaWpzdHV2d3h5eoKDhIWGh4iJipKTlJWWl5iZmqKjpKWmp6ipqrKztLW2t7i5usLDxMXGx8jJytLT1NXW19jZ2uLj5OXm5+jp6vLz9PX29/j5+v/bAEMAAwMDAwMDBQMDBQcFBQUHCQcHBwcJDAkJCQkJDA4MDAwMDAwODg4ODg4ODhERERERERQUFBQUFhYWFhYWFhYWFv/bAEMBAwQEBgUGCgUFChcQDRAXFxcXFxcXFxcXFxcXFxcXFxcXFxcXFxcXFxcXFxcXFxcXFxcXFxcXFxcXFxcXFxcXF//dAAQAHv/aAAwDAQACEQMRAD8A9WxzxzxThkNt6ioVk+b07VPn5sDtXyO59E1YcArZB6entSEAkA9KFU9cf/XpVUA+lT1Fey0GSxwSoS/JH3PbsawrpFLgr2FbE8qBHHQgD9axWIc5bnBzX0GHjaCseXVd5annfxGmMeiQWa/K8rn+WP5mu00m0W3sLeBAAkcaoP8AgKgV5t4+ka617TtPj5y8fH++4J4+gr1i25j2n0+gBroRFy/CDku3Ct2xzntUoQpJvC43nnvwOlMtmEmMgq2OfTitmCEGIAnOefwrQl6hH+8kSLjc2OfYmviH4zazc6t421OKQoYbWd44ggAAAwCSe5OOa+57aJTfRKo+XIx+HNfnJ4suvtus6hdscia5llz0+85NUl1It3POrhWDFWwD2/xqhHHh9o9O/pV+RmfnGT3qqibnLL1HHFdGgnFpXMy6Cqdvp/WseRFLArjcOox1rbvRtYBOcdTWc8TMC2OT0oT6k7aFKSNgmV79R9KZHwA4HTuelWdjFtrAjIOPSpPKAi2sc5/nUS0NE+qILcnzRuGMZzWmCijI6gE/nUEMRzhvmxz+dWZIGCggAAgnNc7iSk2yhDv87I4x+VMVlkcjGRnGDV63iYOykY7/AFqmYWSTIB64oG2LjZNtA5FaEZMRDvhvXioB97JHzHgZqyjZdcDAB5zyc0rXepOxtiVjECnY5xilBZxj2yfwqo8oK4Jxz0zUiHahY85xg+9UkJO6sXopCCCCeOgI6Cte3YAfKcKTmsWIlm2k/Mce1bNvJtQIQMjIqkFu5qRON+cEnuK1IwrAE8g9/pWHAzP94YPrW3GRGqDPUcmpt1QmtTftcM+4nJHSus0ecRXCseCG4/DmuOsnKtlsYGa6LTHBuFBGOcY/CqtqK7Wp+xejOZbOJuoaNSPfIFb6DvnHfFcN4VuvM0PTmznzLaFsj/aQGuzR9wBzmml1E3fcvsSFx2NVnkd2J5woUe3fmlLkoc9akQEwDBHcNke+RTaQXsV4MxTukjbsnjHoRmuT0hZ4tT1aGVlObreu30ZFzn36V2CBRNknJP6Vx0CtB4i1MFiUcW8ig9sqyn6fdrycw1p6HVhfjOiUjOSKl3c1VD+tSqx796+bueq0XQxPSpAcVVVsAVKr07mDiXFI6ipQapg4GanVvWtLnPKJZzSiog3HFO3cZq1KxjYlBqcdKq5qxGcivYwVT3uUzkh9eUeArlbTxH4j0I8FL57hc9xLzXqpb5iuOcZrxHTnGn/Ga6gPyi/sw/1ZP/rV673RKWjPcKKKKsg+bvjvaiC507UQP9dHJCTjuhDD/wBCNfLdzMo5Ude9fafxvshceDhc4BNtcI2fQPlT/MV8O3kyrnjGCabemhSKstwpXZ0waomcBD6VWkmG3aTx7dapS3Db9oPGOfasy3tcWe4P8J9eRVRpeMD8zVeaUL8vQjiqUlxwD6+pqVbdCNE3DAY6A9a7XwFr6aP4jhubi4FvCVZWdsgDjIJI5HIFeZecFGRz3x6Uedwecd/WuuhVdOXPE48Th414OnLqf//Q9PDcYH/66lUhm59Pxqmu4DBqYSN1xnPFfHK6PpVruXIyT7e9G8gdjz1pivxt6D3pzAnGOm5fpWkdyHsZ1zsMjgH+Lt9Bx+FZ+FwQTg9OO1TMJGIL5AJbg/WoZ2VRk8HGcV9LTjZI8eWrbPI7oDUfiNbwMeIpN34RITk/jXsSwhmXYPv9+2K8W8JqL/xpd3QYjZHKwPqXbH6ivfbWIJEFPBUdarbYT2IrUbDvc42g4HtWtE0bAMDn0/GqU8TbXlTltvbpVu3VhGhAxwM+3rVpCu+pJdTi3tbi7b5Vt4Jpf++EJr8zdRkZwzk5LNznrzX6DeOb5rLwXrdxuwfskiAn/pp8oH61+eV+wyUxhSc8etXF2Jsmc7LFjIXIqsgfkk8nA9hU1wyqvU5z0/xpqrshOOpNXG+5MtrIyrh9sm0jj27iqR4yAeMjPuatXK7J2IORzmqh2gMcf/qqm7Cu2hUbK5JyWP8AKjcoIBHI6VFG4BDDj0qZQmzOST79qh2Q4q5LaoCzFjjH6+9XJgMLtJyo5qvbq4LMrY4A/OrEzBlB77c0ONxLQgtHEblupbt1p2F+0nnPOMdqjtSzEkcjke9SthZWjAPHp/jWTj2LuupBN8r+uRk+1SRsVZGAA4z+VU7t183Kn6U6N87Oc807WM3rqjWkUbcuORjH1qRSAoUjHGc+1RSuREGbjJGe9PidmTA5xwCegqtlcSZdQnI6stattKHHTisYEj5cnpz9RWlDMOUOOnXtmpG0aUTZIznDVqxyMMd88VhwTKMg8+wrQhZsA8jmqsS9Dq7SR8DJ6Guk0uTZcoOpJ7c1xdpM643EAZ/Oul06ULcKM9SCfal5Bufrb4CuTP4R0aU/xWUH6IBXocTnr6V5H8KZTL4B0R2/580569MivU4yFXA4Aq2StDVByBnr6VYgP7mYMOAcis0S8Yq1aXCpvD9xzj2qVsMexO9GwBuH48dq5C4jjTxPNIjsDLaR7k7fI74YfniumMqyFWQ5yOoPp3rk9RYxeJrZgOZbSVSe3yOpH4/Ma87GL927HTh37yubqNn8KmB3HINUFc5yKspIOBXy9z2S6r56HpUu7iqgbpxiplbPJqSWi4rnvUqsB15qoGB5p4b1qkzCUS6HFSZyOKqBweKlVh2q0+hg4k+446c1YgfLY9qpFhUsBBlU/h+dduFlapFmco6EssjJcgY42Hn3rwfxdcyaf8RfD2q8DzZJLdu3DAV7peEKynPJz1r55+MB+yWdjqq/6yxvI5Q3oN3PvX0zOeB9Jq+5dw5p9Zel3aXdnHcJwrqGHuDWkrAkgdqszaON+ItgdS8EavbIMsLZ5FHvF84/9Br84b+XJJweTn8K/U6eJJ4XgkGVkUqQe4Iwa/LrxHZvp+qXVlL1glkjP/AWIoGjkp5AuAOTjpWX521+TS3EjB9p4xWaXw+49qhPuUS3MwyCTjPpWc0wL47dsVPcNu+fpjisuVsAy54Py496PQFfYme4CsCuCO/+NCXCsePxx0NZskwYAZ4H54qOKVlbYh3N247mknfYvl1P/9H04KSBk804kgHA9KbklunHanHPp1Gfxr4+3c+juxVYZOeMirCgGNjye/5VWUE8nqO9OLSbHCD5iNvP+0cVrTV5JGU3ZMq3RQEHjg55rC1acQWM87clEJ/St6ZVDEDnae9cP43nEGjTMejgJ/31X0y0PKbZxPw0hZtUv7oqGwqJnv3avcre43HYwzk9q8j+F8QGl3M7YUyXDc+oUKB+ua9bslUqzKc4PGO9aWE+xrrnBVT6dKlyFBQdx+tQgBMHoDxn3p/IzzknGTUk3ex5p8YLr7N8Pb9WAzPJDHn/AIEGP8q+CtSJ3BgeOTX3J8clB8BK+8Kft0YK+vytXwtf5M2D0A6VSWlw6nPSyHecnnrz708NlBgd6hn2MuTn/Dmm72EKow/Lv9a13JasZ1zJmUhRkZqqx39RknnFSF3DkkjA4warF2Dk9hxn1pN20QDxGcARKSAM/SrBEZTg845NV0mdSyLghhhjnFBdhgnkDkfWo1DRF+1G30I64qxOcgkL247/AJVVtc45ADevr7VPJH8nmAknH5VV1bUjqRQMckHg4pkp3q5Undnt3pIwyq4wS2RT7K4Q3BS4O2NsgkDJrRQ6oGZE6yK2GUgHkfX+lWooZVEcnVcnge1Wr1rZpvLSQkZwCeRnFUYrhyPL242Z/GqlHQDYnuB5OF+YE4IHFNt2EriOM4ZuxPes2NxNmL+Lr160+KxkaQNlhzzisZRsVyrqdEiSq3lnkg/r6VZVSiNuHX0pumvFEwAbJHUHr+demWUekTQRNcqvmBcEHgH/AOvWDutzS3RHndpgPu7twc1t7sIA/wAv+Ga17nSLeS4ItSeGwo65HaoNR067tY4jMMZBAB6gZ71Sd2Z2shYny+F/wxXS2TMZUX6YNcrbZ/1aEk4respTJMi45yBiq63Jsfq38GpWk+G2isMZELqfwlcV67G5wDivDvgVd+Z8N9PVusbzoR6Ylbj9a9vSYMoXH41RD7lzzCYxjvUkBC7gx3A+vvUKYC96XzWjz3BoEPgUxKFOAMcAdsVzOuPs1zTXU4ys64I4PCnrXSGUMFYjAbv6VzXiQE3GnT7sCOdhjPXehA/UVwYpXpu500X7yNJZGGQetWI2xyO3FZyNkZNTo59civlme0aYkPHvUqtngdqzkfPQ1OkmTkdKge5pK3508Mc5PSqAfpmpVcA49KSBovhsVIr1SRu9Sh89eKozcblrfTlkKkN2Bz+Aqtu4zTt/ykfka2hKzTM3EvahtJUk9RmvE/ipZpf+Fb9I+ZFQOmeuVOeK9i1RnNpDIoyDjd+VeeeIYY72wngbBR42Bz78V9fo1zHlrR2ND4eaoNR8KadcxsSTbICSe4GK9AguiZUjIySOfwr56+C1/M/hj+z5j+8sp5YSCeRhiR+hr3KK4jzEe+SC3erXcTuzp6/Oz432B0jx/qUKrhJ3W5BxxiUA8fjmv0SDAgEd6+Jv2orAW+vadqij/j5tjGeOpibPJ+jUyEfJF24Eh2jrzWTNJlvTH8qs3jndu+tYUszbARzz3qGrFbqxca4EkWGPOetYclxhjv8AmX265q2kyGMhsD/PWsW4kVmzGcL1JFKL0DVDjJIAQcHknJ/MD8qelztcSZ5ABFZbygAkHOSf/wBdN8/bgcEHjI5o6XL0P//S9HDc1MM9/TmqqyEHI71KrE49a+QPomS7hkn0p22NiEboSCP+A80ittGeOaaQskihhgqGcN6fw/1rrw6vURz1fh1C5UKuRwTXknxFnMenRW/J3yZP+6BXrkm4ArJyBnntivBPijdKjQQhv9WjMcevb9K97S1jgS1Oq8D24i8OwzHq6s4xxnLEg/lXo+kyPGFRjn5c9Pf1ri/C5aHQrGOXGRFGCPqOfyrt7OJ4TlSCp+6fSr23Jfkb4VXyvGM5NNLqqHr1FQiTy5Ch/u5GPanZUqZDyCOlHQnW54x+0BdiPwXptspyZ74ueOyIcfzr4g1GQLMzMM4yOK+pfj9q1yb+w0LObeGAXG3/AG2LDP5V8pXRZ8n+9Wy2RKZlSlsckHqQB7+9RNneoHTbjFLOuODjHr/SmSDMZ8s8AdehFUnbcUr7GLKMj5OMnmoy27AyRgfUHFPfDd+g7etV2GQFIxgkk01Zi1RYTcAzHB5/OgDJyT07VApZSIycc5qVuFAP3ic81D3GaFq4DN5gyAc/nWkInuzvQBFPHpmufErIm7POcEVfimLQBkbCxcsKpK+hGrIp5kjn8tc5x0zjBqkG2MxLDLZ96hnnDXInXv0zxWfLKzyZA2A9hW601Eyx5m77vTJxUls80koSEZZuMVAlvIMMwyrZwe3FaVrcx2RLWwG7OC3XHrirtd3JbtsOubdrPEj4BJ5HoaVNTuAevtWZNK9xMzO2STUsELs2CSAT0qZQ7lJtnfaN/wATOMyMnMYyx7kHjNegWVk0ds1q/OVJjY85PXrXB+Hbo6bP5c8QdWP3sHp2yPSuzvdWmtAFtvlhY7/LbkK3qprllT1KjI6vSzHpNkl44WS4kxgnoBn0q34jlXWLlpZAFKp8oHv6VxlrqEl9AMkArzzx1rft7gztulO/5RH6YxWDutDWzeqOUcLBciFT93+L/CtC3ucXAflWzx+Fbc9laNH5U42nGUc/yNQw6PJIw8vDbeTng/hT5lsZuLP0e/Z+vRJ4EVM/dup+PqQ39a+gIZjx+VfKvwHnNv4Rm2kkx3bbh6bkSvo2zugxYFskY49j3rVGUtDrIpOM1ZjbMq5GVOfwOOD+BrFSZipCnGR1q5BKS4H4ZqV5k37FgOy4VhuB79OawfEzQ+RbPKMlbmEqfQlwP61rGb5jG3qf0rB8UyKukecxA8uSJ/xDrXNX+BmsN0XY24AY1MJM8dKzlcjFWQxHbn3r5J7nvLUvh+3r1qVTgAiqKyD69KmDnBAqRovBh17VPnH3R+dZob0zirkbHHrxU26lblxW5AJ61IHAAFUxIMe9Af1HI5przB2NIMDQJBjiqiOrDI5pwfb04+tCFY0ppQ2nhDzj8e9cPfcCWPohHU11kM6lHtycs+WX8AM1zeoqF5bn+VfYYd3po8aorTaPG/hmx0/xL4g0n+7dLN68SD+te+K7MVVRxzzXzzplwNP+LMsK/d1GyVsA/wAUZ/wr35Wx8pO01utNxNHa6fKWgUv+HPpXzn+1FpLXngyz1WIZaxugrEDkJMpH/oQFe5WF0qoEY55zn2rjvjLZDVfhrrMUY+aODzxn/piQ/wDStFpqjO2p+Wd+VC89jjFY19dxNGAo+bHzDptAq7q8+DuHODke/Oa5LUb1ppvtA+XoD+NZ3GhUmJlKAYJ545qhdMNwCE//AF6rx3O2QnuentmopyOvTilqF7PQV5I8ZY++Ox9qiVvkzwM8j/Cqcjxkgc8jtzjAqn5wche/bHtRYpLXU//T9AU549Oc0uCDn15qPuc/hUu7cBnrXyVj6J2ewoL42sRz1rMmu2t9SlKI0zLFGgx0BJJ5rVAyMYFZVrJm6ncJxJIR1znyxjNd+DfvHLW0RfPnCM3Fw5ZmHIH3QK+cfiFObzV3tkPzFVjA9cnGR+dfRl4/7gsx+ULzivmy/mGp+MY1A4NwqgAdAp/+tXrp9zjue3abEIrOGHOWRVAH0FdZbzKUIjb/AGfoawrFFWQu3zcVtWkIh3Luzk5ArZO6M3dGxCZCrGTr3I7/AIVYIBj2kdarQurIWY8Uk43KGVuMg4FN6EanyJ8dpt3jWRT0itoUA7Y27v6186XRHG3jacmvcfjNcPP4+1YyD/VmNB9FjXtXg91IFY4O3vzWnLfQcTMlbzCATgE1DcnCMoJPHOBTmJaRWGCSf0qOcsUYBcE9DUMlq5ks7KQFHFQHa3zYPvU0isEBB/DvVV3RWyewql5BbuTxSAjHXnGT2qOV1hPznJ7A1D5qt8zHbiiOX96WCqzEYG4Z/ECqS1BsPLuW+fYxDc5AzWxZQGaNht+YDJycD8au22l6xDYPdF0jhY4PPzY9hXNzSqrOgbIBzx0+ta7EJnQDRLe9jEkD/vTxtAyCa5i6ge2mMcnLLx9DVy0mlWN3RyoQZ4OP1rJednlLnnJ71ra25L12HGeRkwDxnpQHIGD3qLzAOAMc0nmEsSaLPdi22NKEMWAQZP8Anit2wtJ3k/eJwDj3rmY5WVd6HDjr/wDWq5Hqlz3Y8/qalpMdz2/QfsFk6NfqW4wpPQc+lSeJlGClkqtFnIPcZ7CvHjrd3KNszE9O/pW1p/ie4AFveEtGejd1rNU2ndF8y2NiLUJbMKBtIXqO+fQ+1dzoV6l91O1u/PP/ANevN7lop08wnc3XPrTNOvJ4OAcEH5SKUqaauNTadrHsl4Vwz3CkKTx6f/WqKz1VIZ1QDcARznn8K48a1dSxeVJIXwMniqsNxNHPlPnU+npWDp9BqXc+vfA/jq70hwkGRbMcyjt9a+mPDvj21uninSQNHIyqx6bdxxg59Divz807UJoLFzISiYBUH2rd8PeK9Q026gkifdH5gyhbg85pR00ZEo9UfqlbXIlGOoYZHvV+GYCVCOmea8r8J6+mpaZa3Cn7y8Z6j2ruYrwRIshGDuGR3603oZdbGq10sMpfqG5+nWsvxBtvPD10WOCYWZQOoZDuH5EVJPcp5rIPT5abMn2nTZbcAMXR1/76BrCorpo2i7NE0UokjWQNncoP51ZEgNYOlvu0+3J4zEnB6/dFaytwCa+SmtT207lwMRnFSq+DkHNU1apFfDYFZlbGhvyOKmWTnB4xWejgVKrbiT60epVzREhxxUgkJ47Vnq4A7e1TBixzUhYuAqCCPrUu/kk1T3Y+tOMhIHvTQ72LcH7xmx94D5T/ADrB1MDyR3IbmtWKUpIoz3x+dYt/uw4I5zivp8FK9NK55GIVpM8J8WbdH8aeHdaDAA3DQMevDjiva5LqbzEfOQDk/hXiXxXhKaDDqkZw9ldwy9O2cHn8a9b065F3bRyocjaOh4r0NjHV7nZ6dcSFQwbBPrxWtdGHVtOuNPlIK3CPEQefvAqa5WxlcyBW6jIFblq8UG5QeWJZj3zVpuw+x+SHieB7C+m09v8AWQSPEw90JH9K84uZMyeW6ngY4PU/jX0D8a9LGn/ELWYVxtkuDMPpKA/9a+e70hXJxjnkdajYHFp3ZSMzA7jwDxipHuFEg7jH3vTiqFw4DEg/KKiZyUyo5xwSajQnZjZHB6c1TLruU9D3x61KGZ+SOucgVmyM3zKT7+lNO7He+rP/1O9BUgsx4/Wn9vXHSq5+7608HK818mfQvUsnaqEr1xUFusTW0Tx9HQNx6sST+tVdQuGtNOubwLkwwvJj12gmpI5gLaJAmAI0Ax7KK9LCR0bOKvLVIq6hOq2smeAASfwr558OD7X4tt2K/Kpdz+AP+Nex+KZ2i0i5lwVIibHvmvJfAcTSa5LPj7sODnoNxx/SvTur2OeLbu7Hs1tOVudp4BIIPtn/AArqPN2Top+ZTkljxgdsY61zNhCpl3yEseF9s5rqVt4uqjLZ/n1rVaGd7u7NAKhXyx91uoPpinkIZI0x1YDj0zTFIWNWxnjHvmoJJQHWTAAVsj8Oa0RDPgz4g6i194t1m/B8xXvJtufQOVA/IV5ZcsJiTz06Gup125WS4nllPzSSu+PqSf61yEuSpUcg1ty32ErpaFBSfNVcnknJ74p05zGex4xTVwXCgcDPWorkYQYOcGs3HowvYz5FkIKkjjjPXisxogfnJ/CtF0Y4PA+nv/hVR1AQhTRbSwMou5XPv2qa0ePzhJIQAOxqrKCX+XioQ+DyKuK7kHSXmqRyR+Uu7GMAZ4rny2fmzyKjLKTwT0qPNaEmvESLd/QjFZJOasmdlh8vHBqrndWjd7IQ7BFKy7QCKZS9setOL6AKpOakHzUwA9DUyoTTaT0EToN3ephnjbnio0XB6ZrQG6VVVECDuR3pRaKs2W7WeRVCsMjPHuK3YbcSASQDJBHFdr4I8HpqE0ct+v7k8kd/oPrXT3/gySwt5Z7A7IyxyvUgA1m6kb2KcXsebiW4jk86RAOeDjHT2rZGsxxrtjjAPHpio5r+6aL+zp0BRMhTgZrnGibdlsn04pqKeoO51y61NcnY7fexjnsK6bTbjeFCDJDDA/GvN7YMjgN26e1ereBdPt7vUEinzsAzj3PeolDqzO+h98fDS5SLQrR2wxTJ69hx/OvTZtTeTMoO2NcfiRzgV5X4PmWGwSzhhVET7pAxn649K9EW1wpLMWB+6SO/sK5pIaSZ28HZpBgv0xz19atxHYgX1JAwOTWbau/ziQEYxtz6YHIrTgl+cZ6dsVlJaDT11MXR5hJpluU6FAATwfl4/pWwrkcHtWBo5Edo0OMeTLMuPpI2P0xWuGBxXyU92j3I7IvBgOpqVZAazt2O9TCTvWRdy+HHP6VIj449apB8EHPFTBucelG40i4CBnHWpFl2sBn86pGT5SfSpFfccN9aXQPI0N+1s5608PgjPrVAOO561J5hJ47UrFeRNLIQN/cGq2oBiPMA6jJz60rHcDzUdzL5kPJ+8M8172XvRo87EqzTPJPH9sb/AMK6hBj5xCzD6p839Ku/D/UDeeGrOVDnMS5P0GK1b63W4iltnwVlVk59GGK86+Fs0sehC0c/8ek8sDf8AY/0r2Nb6HJrbU95sJHM2CMHqMVtxPFtYuATnP1rl7C6CYZu7YB/lW088SISo7Hcx7VoCfU+I/2oNK+yeK7XVIxhdQtV/wC+oiQf0xXyDd27OS457cV98ftN2JufC2lasi8wzvGc9Qsg4/Va+BbyWZDmM4APX61naxb97YwLmIqACCV96riXIZQRgfnS3E0jjrnHbPWqQfAwByaPIiWgjk7+c8HtWdct8/zHOeR71exubLDkenGDVK7UhlweO/qKE1cFc//V7ZSM5/SphuPy54zUaDPzD6U0sAe+evtXya1Z9C7i6papcaPcQMceaUjPGchmGR+Ip1yCVG0471DeuZktbZiRun80Ed/LUn+ZHFMmbgrnjrXuYZWgedWd5M4Tx5O8eiTbz8zkIB7DmvPfAAMaXtwOrNGuT14yf610XxEmX7LFEJMAt8wH0qj4Cg36E7HgzXDkdM7RgD+Vb9TP7Oh6tFIMxkcDq1dJBIrKHUdgMmuchgCQAZ5U9D2FdMgUBEJzj07mtokSLDHdlsjJHOKw9XnaDTruVcjy7eZ/++Yya3cAqdvA71xvjW4W28J6xNkqUsZgD1wWG3+taRexi27n59alMn7uI/fPOfaufmyMhiSTyOe9aeqMq3CD0U5rGldmIY52g16GzuSn0RFCvzfvODUd1ggAA5GeakQMWc5wM1VuJWzhj2Oaxd2Nq25Wc7toYfn05qCRM8Acjpihu5GTjtjtVcsfvDjIqdtg8ijcZLFgMVUzjitCZcjIrPbrT9SWw4pBweKOlHfmqJHuxY+9MFB5NJVdQHg8805Rk00DnFWEjORSbGkSpHuANWVgJ4qVImBG2rEZ2k5HP1xUc1tDdQXUZHbksAOh713WiaRa3GySfJYnoOenc1yURKqVAz9eldlok0qSbk4JOCfYUpN9TZQWx9R+DNIsZrJV3FB1UAdAOKNbsHt0njBLpIDz6e/0rl/DXiWe1RSQMKAMr3A9RXUXGti8UuVCjPNefKTRrGn5Hil3aWxuWwMluB9T1rWu9Bsl0xCSPNC5P/1hXRz6fYySkoOM596qzQRD5GztWj2mzRfs7aM8y0qCNLwJcKWGeQOtep6LdafFJJc2B8raQpB689683mIg1BmX5QMlfwpYrrHCnBJ5x3Br073V2eXy2bsfYPw58dz395HpDsPNAYKQRgkHv+HSvque5Jt0MecEDkV+Y/hvU5rDUre6iJXDqcjr1r9LtImin0y2kThWjQr36gGspKxm10R0sLStEFJyAoGfwpLaa4Nx5ZUFAC2Sep9qQP5cCydm/Kq1rdgS7ZBtycCsZLQoi0aYO16hUgreTAj6nI/Q1ughR6YrAtgsep6gigqTIjk+u5F5x26Vro+V5718jWVps9mm/dRb3cc1IGAAxzVVWGPWnq3GD1rC1jcu5x1HFPDds8VTVsjJNSbsD8e9TYdy75hxg96crDqaqK2OWqQHJznmge+pdVhwT0qXdgYz1qiCTx6elS8t9RQDfYtA859P1qleOPJBx0NSliuDmqV025Pk7H+dergZPnaOTEr3Tmbtx5pUZ+b8K8q8CyPZeJNe0Z/ux3AmUH/pqM/rXpeoTCOcfNzjHPrXmVv/AKF8TZwemoWSSADu0Zwf0Fe9fW5567HtkEvEZPAU5rprW4WTejAEAAjjqK5GJW+zKvUjk11NhHkQTMQvHzA98dq0QXZ518cNFj1L4a6kGT5rYJPF6ZRhnp/sk1+Wmpxsu4A9PT+lfs54gso9W8P3mnNyLm3kjx7spAr8cvEETwXc0DffR2Rs8cocHj61Erj6HDXBwTjvyTVISjf056evFXbkIuV7qcf/AKqyXdVk3KDkHmhCatpcfcOke7b1PJ+lVZ5t8abuF6c96nmlXfjIHHJ+vvVScx/ZzhvmABI69KLWBPqf/9btwAABTT0yc5ANMyRhScmnKeQc9eMV8ktz6NkE4WS4iIJ+RGO0+rkDP5Cmy5OTxjB/CnyO7XTLtIVFXDHocAk4/E1SuJGVMjoQc8V9DRVoJHk1HeTdjxr4hzlZ4YE/uFj+JxW34TUWnh+yHUspY4/2iTXF+Pp2fVpV7IigY9cZ/LmvS/DlqEtraKU8RQoD9cVel2xdLnZRorMk7ElcAY9a6FHA5jHOBjPFULKJWiB6gEHjvitFFU4IGOTWke5DY7zAVDIdykEYHqOK8y+Kl2tt8P8AWGdtpcQwqR1O+Rcj8s16MF2QCJeBk/rya8Q+PNw8HgfYmD515HjPX5EY/jXRS+JIxnsfFGpSeZf4Y8bQCfaqkm3IUEnIz1pjyGWWRs+gH4Ux5PkzwAK9KUm9GY7DkO7DE/Wqd7tMqiP0q1EQyk8k9hVO4JR9zDjHOOlY9bopMplvmy3pioSQOnIp/GcA0zoMmpZSZBPjZ0/Gs1hzn1rYnX5CoxWQRjihLsSxlPwcA03mpQMiiwiPb2p4XjNOAzxUqgEcUr32KSARjNXYwMZYZAqEKeO+anjXB56VD8zaKsy1HgfMKfhiMdSTUe3HXoegqzDHvGQOtQ+5uk3sSgA8c1pWEskEivGSOcDA61HZWZnlwwIwB+NegaRo0LNGScHocik6iSKUW9TZ0DUrhcApvVuuK9B06W5dGkkX5c4x2rsvCvhuzmhjWSFGYjJOACBXaal4XSxs3kgTy1XptI5/DnrXLKSeqNb8qszylYbeMliMMew54rDvFDMZPu4zkeorpbmBk3jIJz0xzxXL6tOsaHOR1rm1udELWcjzHWLvE7eWvKEfN61WtpGf7xyW7Dvms6/d3uXYc88j1FXrMPuDOcDIGR+lexFaHizau2j0TwvZS6nfQ2sYILsB0ziv0y0GFodNt4TgCGJI+P8AZAr5F/Z98OxXl1NrF0mViXyxu6Hd3HvX2bGRHDtQDgcVm3fQlmjEQbdIyMnn6VSiVhOAQGA/nUloSYMoeQxBqSNNu4p8ozmspEJlFDt127wWHmRwuQenAZePyrVViffmsmZtuubsZL2y85/uueP1rRBwd1fNYmP7xnr0NYoso2OGqVTyAW5qqsi9D3qQEfdxj3ridzpRbyRzUqk5y3PpVXfnmnqwxgCoKv2LZY9O1P3dMHniqwfH0pUcAjaaljuWQ3z+lSB2z7VV3gYz2p+7tT9QLGVyTnJPaoZUJV3XkY5ApN2OvBphZgWUHGR1rtwj5aiMK1nFnJ6hgSbv/wBdec+KZDaeKfDuqrjDPLbMen3xxXo1/GfnB5PY15b8QkZNEt7z+KyvYJc/7Jbaf519KeZtse36eJGVSR8oAPHU109mjmPEhYDduWuU0i6Vo1boGUdDzXTwXarJsO4AY5PTn0rRaiurm8siCLJ59q/J34xaOmiePdZsF4VbqR19lc7x+hr9VtweMjoQc1+en7Uelm28ci+x8l9axMD/ALSZU/0p+SLS0Pj64jYOecDkjmseZieH5bNbF6SpOzk4rGCCUiJsAnu3So1Mkk9GRysGjBzjdgfSopETy9/OcflQjMUZE6D8ue1Vy8isAOh4x6Ut2NJLc//X7Fw+4fhT1KmQDH5e9M44Oe1PBGSx6d/pXykdz6KWzM2OZ2M7zYx5sirg8bVOAR+VQybjCQhxkimR7PswcENklyR0O8luPbmq1048kkngAk+vSvo0vdVzxnoz5+8Rsb3XJYk4MtwFGPqBXumlxiOQD0AGP0rwfTX+1+JbZicDzi+CPTJxXvOkmQ3TE8AYH+BqY7Gr7I7NAAg2cAAgge9TxTAoWUHjjpVWJjjABHt9OtSKQIju53Zz24NaLQyJ2GB8w5r5y+PtxI2gaZbHo11K+PUBQP619CO4BCk44B59BXy9+0FfZOj2yHOIp5SPqwH9K1i2ndGctUj5LjkUtISerY6e9NkLP868dQKbEvyllxyeTUcjnKnoBnrXVGqKxbi+ZPmOPoapXDfOwz04x61aG1k+X68+tZ85PmMT61tFpu5hZke4Zz3qMfMwU9T+lSLjGQaVCASxxkZOa0kr7IaQ2RRHkMwyO1Y8mC55q+SWck85qnOgUipaZUkRKpY1Ntx+FaFlZmQBm6GorkLHJtHIHU1jqxqJWVck4qZUb6mqxlx92pEmI69qdmNNGpHEQnzAfjVyONFBJAOcVmpcHOc81fSck/Mfes7PY64yRaESkg/w9q0La3iVcnjPpWYrBuOgx+dWFMjIoDcdT9KmUXsaJq509jcwW0qsgBA9ea7qxvrORRPG43KckE9a8nTP59OelSmVoArKxX1OaxlT5tjRStufTfh7xxa2kwTOM4Oc56V7Fb+Ik1i0wko2ZK/n3r4IhvjEVcOc56ZrvtA8ZXFlN8jsVOOCeDWLotJk80Wz6D1K1UOcnIyeneuJ1yx8yzdwuT6VoaT4vs70KkhwT610kkCXUR8voRXC3KMveR0xs42ufKlxGyXLKeoNdd4f0i61e7ttNsk3z3LhFH6k/hUfijS3s79n28Fuv1r3v9n20gTU7vVp0U+RDhHfouR8xB9T0r3uePIpHizhJNpH1l4C8J2vhbQLfT4x8yxje2OrHkn866+ZZt28HCL2HWorS4FxbxyIdyOMgjuO1WlcFMv8uD0rPfUxtrqXdIuPMgkVO0mfzAq6spMuG4GeCPasTSZeLkKRw459M9atQOFdg/Qnr2pJdwGXwt01W0dnxKYphjOMrlT09jiroODjPFZOrrG13ptwgG8TOuTjO0xtuA/IVoBweD17V87jI/vG0evQfulnP8RPQ5FSKTmq2do9acr7vbFee0+h0XvuXgxIxjipFJIyKpK7dKmDnoPrUNMEyZWNPBA5qsHHU0/PFJ6lFvfuzSh+QAeaqZIwc1KHAI71Ow+pc37j9Kbu3sFPPb86rlieRSBipBB6GtaTtJMU9UzH1EMd8Z6g5rhPFtqb3wvqdowy32dnU9TuT5h/Ku91Xctwy4Gev4VzTqbhZIpDxICp+jDFfV9DyCTwXqUl7odjdN0kgQkj1wAa9HhuVkkAPG3H4mvCfhddsnh1LSRsvbTSwkDtsc8V7FbujkSgHIP61aYmtTed3WTzDnDDaB24r5U/as0xZtE0nWgMmGV7d/pIu5fyKmvqMXG9AqdRzg/yrxD9oC1a/wDhtdtIBvt2ScAY42HB/Q1XQS7n5jXqorE5IxzxWDLJIxOMAY5/Ct7UOGYn3I/+tXL3GeDnP9cdqi49VuRRsE3bm6+lQ71xtwVPtxz60wSSRyhRjYx4xTZZCrkv1JpWtqg2Z//Q6xTt+U89s0sk1vBG01yfLh4Vm7KH4yfbmoeVAPrUotYtQilsLnmGZCZB3Aj+cfqK+ZpK80e9UdkZ1wkMWY4vuKQox6AYrD1y5W30u4lXoIj+oxWlPztRDxn865TxddrBoc4wPnAT86+ge2h5a3PIvDcUkuuRsoyYQWb6HgfrXv8AYNtuI/l+dl59OK8Y8CRCW6ubgj7mEHHXOT/SvYYmuIis8QBJIGD/AHahLoayfY6mE3Misox0OGHvUkEYEAt2ySMgn+dJER53m8qmMY/lSQIsO5iPmZiXI569KtGVircfvGEgPO3bt7YFfJHx8nJ8TwQ9Fh0+MYHYuzk19cyJlTxja2Bg9j3r4p+N1z5/jXUwpLCIQwA9sKi/41pHqQ7XR4cw2rgcZGDjvVQll+Y/xDgdsVbmGMNxwOKrOykjjj9aXMVJaF35Y0XsSOnoayZHLksx71ovtZV64H64qkY1L7T8ufStYzMX2K4I6HpUqdCMdRzSvFtJHOKEQE5JxXSqgkrFfao5HPNV5fnIAPercoJP48VDFGr3KJ2JFbXvqyp+RthhbWyhcE+tc9MrOW/Otq+YI2wgAr2rKaXknAqNGEkUvKPrS+U+eBT2Zi3PApshdWzk4qjKwCKTrnFSBXQ5JpsYMrnBOKfhhweaGhovW0mG4OcjFatvIdxDDIHpXOodr8GtWBwDvYn6VlKPY6KcrGtJMp+4egrNuJZHGMnHemSTqOR+lQNK2MKcA04pJXHUknsLHNIrBiCQOtX7S6MbjdnaM5HTH0rO8x4guepq5FeHzABHuJ4I+tb2dtjDbdnW22svDLuQ4H8I6fnXrfhrxZcZWNicZwQTwfpXitt9kLgTAh8dMV22nGOPY6fwkVw1oxktVqdNNyWtz1jx3YLcaONQjA+Uq2fY1laHq11baWlhbN5a4JbnGSfWuov/APTfBM0uOUUEfgwrn/COgz63e29jajc8syIfZCPmP0Aya4oO8OU64pKXNLY+9dBdrXwvp7ck/ZYe3OSgrobYmdQzDlTwarWkItbeO2jGY41CD1IAwKuwyEADGD6V3rax4zabbGaSBb3FyOzjd+v9Kv8AymfaDgen0qtZbGuHKjA2EH8DRIzJcqSOCO9Im5Hq77ZLKQfwXIA/4EjD+taSsCvvWNreGtY5Ou2eFgeuPnA/rV/cFT9K+fxqtO56mH+GxcVwV9qfu9elVlYcAcikLAnJNec9dzqeheV8YI/KpFbPWs8MRluw9KsI4wD1qbDvcubsrg0oIOccY7VW8z5RnrT1fj1oKuWd/c9qVZMnJ5qFSf4vwpGbGQBzWbXQpFkNgjmlLFh9Kr5xzQrc7exqlpqBR1cOJVdVyGHJHvXNsJFlBGeB0rqr0+bbjZwY2wa5R3ZbgjPHf619RTfNFM8iStJpHFeDyth4n17TT0+0iaNfRZRk4r2aCUrt7LivD/P+xfEd2XgXlmjD3MZKmvZLKVZICz9q3V+pL0NwFW98c8GuZ8a6emreHNQ0wxeYbi2kTBPqpx+uK2rYKFIH3s8/jS3ZZhlevQ+uKp6hFdj8gNUjeKRg4G5cj6EcEfhXIXQjflBtIXn3NeqfEbTv7K8Uatp7Hb5V1MF9gWJGfTgivJ7oDzMDnHpWdnsXJ6meypsWQtu55I44qOcr8rYO0nk+hqN1Zh5g4xkEDrz7U+Rmltt3cj8sUbaCvdn/0enyXYA8g/lVlJYIllDkrIYnCejZwGGfoaqhgByO35VFc/vI1VRgKCS3f5jgj9K8HC2c0ezXbsZ8o4DH1zx+teYfESYrYxwk8u2Rz6f/AK69NIICxIcj3ryD4i3I86KD+5GzfmcV605WVjz4q7JfAVui6XNKwyWm6/QV7DbbjDGQoIVcknuc8CvMfBDeT4aiwgLSM8g98nvXotiskcys/wAyEA/QmkmipG/bK3lCJpNznOcdueOKrWcqeZLCpLMDksRx6YpymO3uGdRkuMHHqCTTclXQqNoYknsc1e5BPOzqAUxucrkfjXwR8VrgXHi3VpBksb5lPr8p2/0r79T/AI+FDDAyGz1r83PG16LvWLq5GSZ7uV89MhnNNK6GnrqcbcY+4mfofSqbg+ZjuO9WWfBwuc4OaYQDIr9fb/GktBtX1JywVOOMisosy8bq1biRMMcZ7Vj5DHI6CrRkx5mfHWmGRietN5PNMTI/GtEQWS3H86SyO+8j7fMKbt34A45ojAhuI3A5VgTW0KjWjNH7xd1BWSYjOeayyu4cVsaof3ofqD3FUIwrttPetm76oi2tiAx/LnHNOEJIyBkVfVAuScHioi4VeCSKdy+VdSltK8dAe1MIKnn8KskE9TUbJk8cCnzGfKRoMtk1eUHyz2NVgBnIFaKhWhIP4VnJq9zWBQkz19OKcpLcg4q48G6IYBz9KpmN07VqpKxEo2LLOZYtjgfL0PeprQm3feRuxj86jjfdgNjHSr0Sxy5B4I/WqvoJLVFqJTMTPJ8z8EYrvND0XU7tg6xssQwdxzisvwxa2s935l391e396vo3T9TtZoIoERY9oAwOntXl4iu49DspUr6jUt2i8J3kBz8sB5Paug/Z+R5vE80pTKx2zZJ7EkAEfUE0k8ButMuLeAfNIm0Z9a9Y+Cvh/wDs/SZtadBG942xVHZEPJ/E/wAqywvvLVBiHZPU91BCAAZOARTTJgLuXpjNAZWU46j0qFWHBPc4+Y967uh5fqXbKdf7RWIZAkjc5P6flTrqQo4VhkqfrVa0ObuKVBgneP0IombzDiQ7Sf1pdBlbXnZdHlkU8KFc59FYE1ohsgehrM1QRzaJeQTH5Gt5Af8Avk1LYSGWziZuSY1OfXgV4mOWqaO7DLc1QecU7Iqspyfmp4Jwa8vQ7iyrelPVyp4FVSzdaeGBWp6juXA4YDPerA6EA1mq3PB4qyH5/rUtFIs7iep6d6UsOtQBxnigscYHFKw9ywSCPr3pAwIIzj/61Vi5xkmnBwByc/SnygmSTeV9mkLEhgQTXITptuPM3Eg9AK7CMq4ZGH3lOPwrmblcTEnoOlfRYfWmjzayfMeaeLYxB4j0LUAThpHtn/4EAVB/WvVtLuCULHoMhlH6V5V8Rk2aJDfJkNZ3kMufQbtp/nXpGhSIybv7yAj3zXUtNzFrqdjG5CFx39KcWeQ7ugXk46iqtu2xfTPB+tWI1VdxBwT1qxo/PH9o7RlsPiFc3AHy38MU/TuV2N+q18w3qryBzgdq+5v2pNLjWfSNXZeZFlty3PJXDDn6E18QXjQKSd3PTIFSxtHNyYULIuBnt60kZUqVJwOoA9DVqRLUq24nGe/GKrSeXES6EHqcZ6ipaIb0P//S6QMFOTkD2qCRyxkTjAKgH1yM/pU+VAyOTVRD5nmlcEbzgD2AH9K8PB/E2e1X2RSmba25f4BXgvjqZp9WkwwIjUBh7nmvd5ULLx6V83eJ3afWbrb829yB/KvVlotDihueweF7VoNGs0+8EjAGO5PNd6WnSNCm1UVsuT2WuX0KDybOKM8NGigj8K15nSVzaSOA0g3Kp7qDzSS7kt6mjbq/lIrnzZCWbeeAec4/wrSWWOWElzkL1/DiqFoGKsdoAQ4UemBip0BYKG67Sc/U8irSEya7u0trS5uC2BBA7n2AUmvzN1iQSyxNITkgsfXJr9FPFb/ZvC+s3GcbLCbr0yUIr849UfbdKkZyQuDxRbqT1Mlj8x5ycGmANu3AZ/8Ar0snyvxksTye2DUUWC270FBTstESXMgZPl6k/pWcQVPHpV6crt/KqPUZ6GrSsY3uM+916U8Px9KZx9M05G2kMO3SqBMk3g4INMkGW3DpQckZHc5p2R19qAuatwTLaxysMHbge9ZaMFHPXtWhGRJZ7GOdtZTDYcAde9VGTRs9k0X0k3Zye1P2ggkDr1qpEOQTxirIbs561upKQ7dWNZWAAOOn41TbliSauSMrcdD61Ux8wA5z1rZXtqYS3siZSMY/yK0reAtAxJHas2JTkgjvXQoojjG0dRWTOqmr7jI4sQHbyy9fQVSlCjjrg109lA0kDjHJQ/nXMXAJkOQQw4/KiLvdDmrEiwqOex7VPGEVgDyTUa/MoxnAFW13L157VTv1IvoallObZsrz657V3+h6sysueO+a88g4k56NXV6TGZpkjXjtz6Vz1I3WprGbi9D3dNViSziedzHuJc+4X+lfVng26WXwrpUkQwJLaNjjsGXJr88Nf8Q+fqMWlQ8JAdjEd+MnFfevw8lZvB+j4BKm1iGfwp0qXs4XfU4K1TmdkenKzbDg8ntVWbFwm1vlYYx6inLIjABT04/GklUFcoMk4q2YWJ4pglxGFYAh8AE+oIqG/EikGM4bGOelUpw/m28w42sCavzyJ5ypL82aW4IsNCJrOSNsHzI2HI9VwazNKmYaPbSMPmESAqPXA4raiw/APyjjFc/om7+z0RzyhZc+u1iK8jGqyTO3D7s6NGwo7Z7VKGJJPpVRW74p4YgnFeNY9G5YUnn25qXOBgVR38/X8qnVu4NK1ik7lhmBAK08OBxVYNlcVJuPHGKQeZYVyG2/jUm5qqFsnBHSpQxP0o+QJsmJ+YlqFKjk9e1QOQDikGTTGifzQkiE9NwHPvxWffxqp+Xr1ovi32dyn3lIYfVTn+lJq2UTzCcEsBjvj/8AXXt4N3hY8+t8Rw/jmzW/8K6hCF3F7dnUD+8nzD+VWvCN2l9o9nMG+/ChP0wB/OrU0fnW0kMmSHBQ+mCMVxPwxvN+gJbOebaSSAevyMcfzr0LaGLPcbMtNGpfpyPy6VYJb5o89BnPvVawVl3AHKYUqPTvn8amfzDN8/Kv29MVSROm54D+0Pp6ap8PZLsDc1jcRy8c4Vsof/QhX5uXkeMqBgE545r9ZPiVokWoeAtY0+JeWtZGAHqo3j9RX5R6rySy54/Sh3toUn3OcxF5y7x8rMud3TANeu/HfwdpvhPxyYtGhWKwu7S0uoFAwMSRDcV/4ED0ryCQYGfvDr/jXqXxM8bWPjHwv4NfKm/07TWsbs5yxMT/ALsn6rzmpvdWHe25/9Po0KlsNx/hWbBtgtiE5HzEH13En+tWmbEDlhztJ/SqaxiO2SFegXH5CvJwitFs9SuxjvsUOx7dTXzZIwu/EMcfDCS6xn1+avoDWJlj06Z87SIzg/hXz/oETXWu2yE/MhL8+wNdc9zGC0dj3uBxveLPlsR8pHQVukBXgcFXdQFJPXHesGOH7RGPLb5hIin+ZFaMKGO4O359zkj1A/yavQnpqbdq5eMTFShZipB9u9WGAUhiMkcZFZdpI0TmOU4HPGeM5/qKvhjKFcZA3EflVX6ktHF/E65aDwDrE2NpaJYuf9pgK/PnVf8Aj/PAwFGPrX3n8WNUh07wHeQyKXe/nS3T0GeSfyBr4CvXd7yVeAN2PpijpYEupnuxBOOAxHWlhH7wD07018lcEZ9DSRLyQDkGmDRLKeNzDpVTaMjbzUkpZPlUe1Qlztx6GqRncayfNkUnlkCnbsnnpTTJ37dKolpjghx14BoBOeaZv7DpRu7Ac+tAkX4CPLY46Gqcn3jz0NWbSQAknqO1Q3GDkipvqdC+G5GrFeDVlX3cCqQ5PJ9qsKCG4OM0XtsXG/yJSvBz6UyLBwxFPwoHXIHSqvmuh25/GuuFW4pRUdzQA5IrWjK7clq5hZJfvMetaEc4BGOMda2cU9iFOx2mmTKmQ/AYYzVbVbBDGbqHoDyPWudW/mDgR9B+tajam/2Zoeu/j8ay5GtTVzU1YqxE4Kn7vb6ira88Yx6mqMJ5UP0+taFuQz/MOp6D0rSTtqS9jRt48MrZ3A8DPaussp49L02bUpvmEQwvux4GPxrAtY92RjJJwKd40uBaQWeixHBC+dJ9W4UfkDSjHnkomNR8qbMTTrlptSWV23M7ZJP61+lPw6mlPgbSWBAWOBck9TzX5k6KR9uhJ6h6/TH4Vtv8C6ZuPPkkDJ/2iK6sQrWRwJs9PikDKSBjmrEbbnIHBHFU7eEgkls5AFXEUx8E5PUdq4rD0ILkFIVdDjDg4/GrVw2ZQyHJJOP89qqXO427kMMr/Sp3cKiS7h82PYVLLuadt90E9awNJZQk8QbJS5mGT/vk/wBa3I5dqc81zenMsV9qES4A+0lsf7yKf615mMXuXOug7PQ6NHGM1Ln9aqL0znipicHIrwmeivMcxxQr9xx3ppYlqB04oDroWPMbHXipdx7VUBJxnn6U5XXOBSH5FvJ7GnB+cCoNwxtJp3Xt7Zo6alWJ2O489qaGK00E7SKaCFGG9etGgIl3AjPpzVm+jSVN3qoIJ/OqPAyQe9W52H2aPcM/Lg16uCerijjrrZnMOgBwDwOa818JwCz17W9LdtgjvDKuP7soyK9KwqOQv5+1eeZ+yfEaQPgJfWcb/VoztP6V7KOToe46cJFUDOQBj8qni88kKwwpJrLsJHCKrnBBPT0PStbLYBPHPFMS7Fa/VZY/ssy71nBRuONpGDmvyR8Xaa+matfac/W2uJYj2+6xFfrvuyoZgPcV+aXx30saf8RNZjEfE0gn46HzFDZH4k1UVzaFdD5rnYg4HQE1nySAtle3p61syICMg4HY/WsplCIx/vdfzpSj0JXc/9TeYKLeQYJJAXP+8eaoyEMdvf3q4Wk8pGQ/KzEOPouR+tZpDpuklO4k1wYaNoI9Ks7yZyni2Uw6FcZON2Ez9eK8m8Jwq2uG4xzHGcHv1xXf/EK5K6THbqQvmSgn6AE/zrkvBagx3c+MFSqg+netJfFoRD4dT1O0a4kkIjACkHn37GtnT1eORVzuAXGfc9c1z0byPDH5D/vcghfTB5/xrp7aKUGQI+Y+oPofaqI21LBjVmaV+dx3fQdqtqwCIQT3GPpUQRkjYhRvwQMenYUI5O1mGMgj6EVqQeJfHi6KeGtLgY7fNunkP0RGA/nXxZM4M8rEliWPSvrH9oO4UHRrVuqRTSYz2LKP6V8jkgu20nbuJpNCi3sNdEC7wc0232lyGHUcEetOx8oBPXtSKCg5GAelTc0a6kU5YNhfoaqZ4Izmp5m+bgYFVvlByKtGLY4nGAORTeCfSgqQdx470Ej3JIph6hnuKQNzkUudvB6UcAfXkGmIs2jbZD3NPmI8zI5HvVND8wPepnJ4zSZrGWliuS3X8qerEEEmmOcmos45NAr22LJmfdjH0qNiRUQK9al3A/N0q0DfNuxykHk9qkBKjpTVwVx1qTazDJ4FWptE2JkfHPercZDdf/1VQCYbOauRvg8cV1qqpKzBRaNKIBTtHPc1p2wycDkk5xWPC4/jzyeTW3YRGSUH2zRJdS031Oy0aAT3MaEAY5P0HXNeca/qB1LWLm7/AITJtTv8qfKP8a7yW9/szRbu8GQ7r5Uf1bgn8q8mB7c5rbCxs3M5qzTRu6Wzi9hHGd4wTX6M/C+5b/hDNLB5YBx7Eh2r839MY/a4ioyQw49ea/R74QDd4KtMjPlySjHp85/xrbFbI5Vfqe2W7s0QbGCas79x9cVShcAbBzUm9gwUdPWvOL0GXkhWJxjdwDgVKfLkSNRzyMZqreCTyGCAHIIJNMgLC2TPDAA0rgbcWM7SeM/5Fc7EfL8Q6hH0DrDKB9V2/wDstaYZjIgDYbvnvWLO/l+JWOD+9tV/8cdh/WuDFK8LnTQfvanQ7x/9aplb5dvNU435qbdnv9K8BnqItAngfhT8nHFVQ4GMdqdk5IyePyqbXKTJlanKQDioc0/cpOQfTOaLhYn496kVz09qg3g/KOhpN3AK0t9x7FsMcdfrTvQ1WDHdnOKkDhvlJoGtSTJ7H86dNKz2oVf4Tg/Q1VLnGB0pysx8yMYwyZ/EHH8q7cI7Tsc1daGO8ojkwOVYV514mm/s/wAV6FqbA7WkkgYn0YAiu6lchyrDv09q4Dx+pTSrfUuos7yGTPcKTtP86+gsed0PZnmjeMTwjO7BOOOB/hW2OUyOTgVzWlqTbgk/KwyM+4rdiO1wh44zTWmwIunDDb/KviL9qLSRb+IdO1VR8t3amNsc/NCx/XDCvtRvlYYPHOa+af2nNPa78KWN+pI+y3RUt/szIR/NRVwdmimrpn56XTQ7mI6MfTHNY0zoTjkrjHTofeta/VmlKY+6eMHtmsWYEvtcY5J/CvScUYX6M//V21ZsBW6FSePciqNxgZXqOf0qcMvmNuJBCge3PNZk0vUg/LzXFRVopHfNq+p5D8RJi9za25yMKX/PirHg1IY9HMx+9LI24euOB+dc/wCOpml1gRg5EaBfzrrPDMJ/4RuB4+oIY56mq3YWtFHYhltokuNv8WPwPFdHbMxjGRhsHYV4JXNYrKLi3XzCFVlbAxwT2rTtHGVl3hmSLYo/2gOapdzNpmhPEJ3GcgRkMMHHNPZwW46CguzpyAGPpUEoYKAvHrWnqZny1+0JcldftojyYbFOD/tsx/pXy+G4GBg+lfQv7QdxDJ4vkjifdiCBSP7pA6f1/GvnfkkIvGCcGmPTYXzmPUYNKrbk/QZqBm5/vVNuwu0D60rA31K0hOcH9aiHzZPp2qRt3mHcaYehwOM1RAcMDk9O9MzyM0oIHUZoO4nH5UDA5PNAPY0DjJpflA65oERuwUZP4U1JSxOetQOxY/SnRA8t6VVhJ6kuSpyKQgmgZ6ipMHqak1SvoQtGetICw4qbB4xzScDAYU0xNDA5B+lS+dkAHNKEjbvQsUWc5p3QWYqykHK5qws0p7UiIhJVeKtRw55YjFPnSKjBvYdBKflBrs9HRxtzkl+PoK5S3UCUDGfpXVJ9qi02e8gUnyFySO3/AOqtFPSxfLZamf4p1RJHj02E5SHlj6t/9auURiegqqXd3ZnYkk5z3qWN+35V61KUbJHnTve5rWZZbhWUchhX6N/BWUSeCoueVuJlP5g/1r84LSQ+Yo9x+dfoR8EZ2/4RWSItny7tz9AUQ08RqjFb2PfIXycqMdqthsjg4yazI5TnYOnrU3mL2JJA7e9ecaIvSy5QpjPtVO2mwiqwwe4NBkJXkcg4qG2jjkjaRmwclSBUsZrxyI7g45HFZOoMRrVttwVeCUH/AHlZT/I1oxMirhT0rI1aQC/09x0LSoSPdcj+VcmJX7tmtFe8mzXD7SKeGOOfwqqrfLz9RT0bjkfhXzzPVXmWyQD161KrjrVIHdmpA5yMdKz8iky1uJyO1PVhnFU93Gf5VLnnHQ0vILMtbgCCKeGyDmqoIx64qUOemKRSJw+VIpMg9OMVB3z6U7I6A9e9FhllWAIB6CpI85ZQAcqfwqoWwCKsWzHzATXTQklNEVFdMyZ4yd3vx+FcR4ztPtnhfUYcZPkMcdsp8w/lXot3tj+ZSDk9K5u6i+0RzWr8iZGU/RwRX0aZ5du5Z8NalLfeGrO8B+eSJCfr3rsI3jDosj/OBxnjrXkXwyuRJ4Vgssky2zPGdx/uNj9K9DuLf7W9uGc7o3EhcdSAen59atPULX3OnQsqAE59WNeXfGjTF1b4bavbL8zwxrOuBzmJgx/TNejyEthQuQRg+1c94gge9sZtN4ZbqGWFh/vqQCKSdncdtT8k9Tzk7Rgg4zXPXIkHynHHeus1dRDLJE55VmQ8cbl4P61yExBGdxH+FeopLQzcUtLn/9a+zBQzkjP09BWTKSikMc4yc1clcFf94kjH161nTMy5Vecg5z6VilZWOzdnz94qm8zWrog8bsD0AAr1nSE8jSbO3XlSgHvjHNeIao4vNVdgf9ZMdoB/2q92lVFjt4kJVowMYNQjXRo2jb/aNPNvvHmqAw3dRzxWxp9nDFEgb/WR5J/4F/jVCJBJe8jA8vlscn2zVi3XybiZS4Zif0HIH60zNvqaci+VIu0ZJwDj09ahacCQxMD8rABj3z6U6bMeJVySwwBVSBzdSxNKm3D559qafclu+58O/F+6S88a6w8XA+0hOT3RVXP44ryN2ywye9dt4/u/tfiTULjvJdzH8nIrhi4zgdfetLGTH7OBzUmBgEVWGTk1ZDbV24z71Opd0Rsm/wCboTzUJXAAJp+JeSelL5E5wzLgHpTRL7kOM9evSkKYq2lu5BPpUixxxjLnJ9M07ktPcpCMv3pjptGDgVJJKoX5eKpM5bluaZJJFCGbLdKmk2qNq/pUKnoB9aQnLc0jVaIaWxTg+eOtR8bs9qMYPFMFdFpQoJHeh+evamIwxVjcpHzCo2NbXRWRevapY8L2zTljBOV471HjBp7kWtYtphTuzniplJ+6en8qqryhwcAU/dkjHXpUml7GzaMzypGoHTr6V7N4StLdoZLa4UNFL8rqe4brXlukQogDYyw/n/hXqehMY5FbucV5+Iq6aHpUKdldnk3i/wAIah4a1GSNkLWrktDIOhQ9Py6Vx6g/lX1p4ouba606CzvEVizcA/3cc/hXjOo/D6VnafSJFeFj8qtwR7E16uGqucFLqeRiKahNo8/gZgwIPI6Y6199/A6dn8M3iKdx+0hvwaNOv5V8GXFpdafO0F0jRyLwQwxX2/8AAaYNol+o6ebCeD0zGP8ACvQlO8bM4pI+g55GW0Bhk2vkDJ7VrRxmSDZkKcAmufhDyOykBlJ5FdEgCbQg7dqy0J9CkBLHeecHJVxjaegP/wBepWl2zHsAeB65qeRlGCDjFZsVwDeSHbn0+mMVGojah3SxbhwccA1nauSn2CWU42XKr/30rCrdrOVfZIeoGKoeIH36arjrDcwP0zj5wP5GsKyvFm1J2kjYRhtGalGM/KetVQ/TNSxuO5r5tnrepaHofen88ZPFVx/s1IOBjqayZS1JNxqUNnryarZBOAOpoRvmIotbcq5cUg47Ypd+O1VuRg5zS7s8E07DLIdhyeKRXyPcVFk5oUBDyOaHqCLO8E07zNmGHPeq27nA4zUgPyke1VFWaZL10H3tsJ0kYEruGfxFc7I21wo9Ac10RkleIqOwz/jWDIAF3tjOa+lg72seU+xxPw8ZbXVda04cGO9kcf7sgDYr2OzKGNSVwc4rxCxLad8QbyNBhb23hlHPUgFTx+Fey2c++LcTwP0raTdwvbQ2d3zFVHXrVWS3WQFnwSr5UjqMdKk8w7BIBnAziogCmXbOG7elJ9yrdGfmB8VNGGk+NtZ0tU2Kl27qMcbZDvH868ZmhkQsJFGPTPvX1b+0bZ/ZviA13j5bq1jfjjJUbD/IV8uXbqrk9Dnj6V6MNrIym7dD/9d82AoU/wAOKy9RfybSWXbjapP4YrQuGHmHuK5rxHPjSLiQH/lmw/OsXex121seA6ZGl3rNvEBw0uc9OOtfQipG8eCOQM9e1eA+HlMuvQgDpkjHsK+gLe3DZLLzjb9fes4o0a0NuC4UYYkbdhIzxwO9WYpIpJDjAK9ffPSsgW9vPuR2y6JsZV9GrWSJE2qBkY/QVZDFmhEkkTueYyTxx1pySKknmA5VFcn2wM1DLK0beYxCxBTuJ7e9eF+Nfi1aWBm07RB5skqMjycbV3DacepwaqyZDPlvX1mvL5p4wXMkjsfqxJzWMbIwgC4ZVDdhya1bzVJJW+TCheAPaubmnd3JPJzVJCloi4ZLZCAqg+ufalGorG37tRj3FZDMaiLkD2o5RKRtnURJkOoHYYqNr1mbdntgViGRhxShzmnYXN0NUz5GNxqu0hOTVQSccdaPM65osK4shBGRyBUBxmlB4xTaZFyVWI70pwTxUQJHSpFPp3pWNFK+gh+lOHPWjHFIMk4NIoNxB47VIsmfvHmmHA6UD1oHsWNwPIOKQsfyphXoeuRTfu9qEDuTbgOlWbchmyTVRf7uKtwqQwAHNRLYqC1udfpoZCgU5Gc16noysD5r/cQHPtivNNDhDOpK8DBx0zXdXF8YofItSAW+99PSvLdN1J8qPZ9pGnDmZNqV8by8NwW/dhQqD0HrVqwld2jii/jI/LNYUeHIPUdK7HSrVRG13I2MHCj1r24RSSSPnpycm5M6u60LRvEViUvo1dwdvmDhh+Ndn8O4bHwqbqyMhZJyhUkcDaCOa4+F0s7fLZBblsd6tWd/l3ZD06g1rbsZNux9L2l2k8StbkfP0I9K3IZBjcOM+vWvmbQvElzBJIiSFQhJA9M16Fp/jlkAW7i3kn+Hril5CsetGRcYbHPrWLNMI9Q8tMYKA4/GobTU7PU1861cEkYI7/TFR3hdLyNlOcxsOnPBHek3qK19DStr5ftHkMcMACM96s6+mdFuyDyEDj22MG/pWJBu+0hzgHPHGeK2tRbzNLu14OYXGD9KVT4QjpItRSZCuO4qxuKkE9KzLJ99tFIpzmMfyFX8kAZ/OvmZbns9CwJehHbtUqyKRgGqfJ5PalDKOTUOyGrl0HBpwwTkcY7VWSTkg08MRzSZRaz3NG4k5/A/jUKsec8ntSg9xUrsMsBsjFG49WOKhycnsc5o5Xpyae4Mtg/MPzoYkHB4xUO4kccHNITknd+dBVujL0Y/dFvYiufnQifDfQVvW7ZjZW9f51mXLJvct1z1+lfR0HeKZ5c42kzzTXoFi8X6NcltvnxzW+R6qN4H869VhlNtCgJJ46d+leV+Ny0MGn6jn/j2vYiSOwc7COO3NepwTq8cbTcEckevFdGtiXZm7bSq6o3c9fpRI+JChGF7e9Y1lerLcmBAQo5X3FacksYQu527SOtA+h8m/tRaOHj0bW04KNLAxHuA4z+Rr4cugGl9Bn8cV+kH7Qlk998Pp5QN32WeKfp/CDtP5hq/Oi9DKxeIZ56mu6lJcupnKK6H/9CtcsFBdeSRXD+Nrr7PoUjA/fKooHXk/wBK6uRjuOMjbx1rz34jTFdPtoezuc/gKwb01OzTocN4LQy6x5uCTGp49ia9vjuBb3IM7YDKePQivKvh9GFN5cP/ABbV+mOa7+S4SctldzRg5Hrms0+pq9NGadpHcIxMDDBkDOx53D0/WtefUYbS3eW4kESoxUu5AAA71S06aOeOMwqVQxhgTwDnt9RXzj8bPGrpejw1YS/JGN8+04y7c4P0rTToYbFH4mfFaTVpTpOjSNHaRjDSDgyHPP4V4O96ZXOT781nyTAgt6niqwZg1XYnma2LbS/OCT0/GoGYE1Cz88dqazdcd6om5I4IXI6Z/WqzY/OpTKeB1FRk5FP1E7dCMjFA5pTTaZAUUUUCCiilx60AJSgkdKSloBaDt5pQeajpQSKVi1LuSZwfalG3Oe1R5pQwFKxSkSngZHQ0qkNwKhBq7ZxxPKBIcCkyk7s1dO0e7vmHlocHgcV6HZ+Ap2t/tFw/kqO7cCq1h4ps9JtxFDEJJFHBPAqte+JdR1ND58h29lBwB+FcvJUm9dEd3PTgtNWX2W3smMdu/msBjf8AzqTzREu+Qj6VgwzKjggkvgZFdBCIFzPcsNo5Kf412wgorQ8+pUlLVnT6daLIFkbCxdR9K7KzijunEi4EMeNvHU+tcVZXf2sLsOIM8+9dzFPGkY8hcDpjtirMTcl05ZIvnfI9qhe2SBPkGTis37bPGFzyuKR7qaVeW245FNSY7XGWdwVuixGAOuOlbCX88TmbAAPb1Fc/ZyI8kkhOcg89qmkuSqNHICwPGfT6UaPWwnc7ey12aGVHjyrdipr0Cw8UPLKjXIyB0Psa8UilVIVbINbVtfsjbY/mBNQ7bBqfQsV1BfSq9s4IIB47e1br75opFIwCCMexGK+fbPUZEO+FipHcGu4sPF13GwimXzRjBPQ1Ek7D63O70GRjpNsSckRqD9QMH9RWwDzgmuJ8OalALCO0ncJKpIIPcZODXXRsCODwO/WvnZ3i2eonctBiPlz1p/X5umKr5Y4yf/1VIACOtZXT3L3LIbjPWlDknb3quRwOcU5WAOarTcHfqWw2Dhh1qUPzjHNVSSRnvSqzEZ9fSkNFosAaA4Xk9+lQbieSKkGCv1ovYfW5PvBO7NCvklT1NQqOMDinA5A6cUrplepdt+S2P7ufyqhdEFiSOTyasQuDJ6b+Kp3biPsSCeK93CtOB59Ze9c5DxXB9p8OX8QGWERkQ+jRkMP5V0ukXpu9Nt7oKDvQHBPqKzbxTdW0tvKMLKjJj2YEVy/gXUnl0GysyCTHui64wUJH9K79LGG+x6jbNGEWWYCPHyA1qlAwKvhlb1rl/s8j7nkPybt30q55pEUUYY5yGzntS9CulzH+IGn/ANq+DtX03GfNtJQv+8FJH6gV+Vl8Duw2cAk5Pav17cpIMMQQcqQehyK/KHxbpzafr+o6eBt+z3MsZHbCscH8q7KD0aIlsf/RxSA5OQQT3rzD4k3KbbaEjpvfg9MYFemqSWC9cA9PevFfiFcBtWWHssa/qT1rnm0tztg7OyNXwKTHo80zD/WSkLnvgCu2t3iguQ8q4aVVX8R/+uuV8HwrF4fidf4izH8+Ku3LtJn7S5z8pAH1zUpoppt2NbxTrVj4f8LT6m4IW3QmILxlycKB+Jr4L1DU7nUbya9un3yzOXdj1JNe1/Gvxil9cxeFtPcG2s23ybTkNJjgcddoP518/MSOfWtYoxk7PQczEDiow3NISNuPSmgDjJrQzdwYqeRQD703vg0lMm4ueKTJoGO9JQK4UUUUCClxSUpNAAMUlFFAXCiiigQUUUUAFFFFABVy3BXnt71VXG4Z6VopLBHwRmgfmXUO7CDODWjb28rocnZj171Rj1AIuIo8nPWnot3cgHO0VXQbNl7y1tPurlj3HJp0X2i7KSzkhSeB649ar21pFEpbq3qeetacYKRsp4qtULQuC+mtSVHAB4Hau90PVTPCu7knt65ryi9zsGSRn1/rVrw/qzwyrGD0xgGpuOx9CPA7wrt4GMVkXLvBzIM8YIqbTbxbqzJ37XA9eDisq8upS+1eRjB/HvQmw2LNnKXJ2qBnoalkuSDuf7vp71RsZQykk4ycCql/IAijP5+1Jg9dzWF4pkK56du1bFldMG/u7v6VxULNtDMeR3/pWqkhPzEkHoPQVLfQbZ6HDKyrhyPn5yKs294yTEOTj1+lYmlXCzxeQTlscH6dahuNR+zgqSC2evpmh6hbqdJf+JIrJk8w7mYgIO5NdLoPjbU4mAlt3aHdgk9QPUeteR2ckMt+byYbmQBVB7e4Feg2dwMBtwwR0rOdOMlqhxk18J9CWd3FdQLcRtw4B/A1eyoJxjp2rzbwxq8f/HjJ1/h/wrvkILYOK+fqwcJWPUhLmVy8JFI56frS9sA9KrBgM5qVZBnBrFXKeuhYXcetP6Hgc+tQKxyPenK3PNO40uhKGPBHT3qTOelQFhjApFyq/Nxiqug8i2CM4z1oLnIbHSq4yW+8OegqUdNp5OMCjToCHhivKnPfipLoKYjJ6EYqqG2tnuKvzKGiL54YZ/KvWwb0aOSutbmBLOJWLAdOPriuF8LWnkanfWyji1vHYD0WTDj+eK7e4MZyW4PHT1ri7GVLTxtdwqSq3NtFNj1ZMrXpqXQ5rHrIJlTZjAb+YozGRuGRxjpVeC7JXe4wc4zVyRlADjg5xj1p+gPR2KF08kVu7KvCAkYPP1r89/jNpBsPHWpMgKpcGO4Uf9dVGfrzmv0DjnWSaWHnGBnP618e/tL2CJrem6jGNrTWpjJx1MbZHtnDVvSl71hPVOx//9LnypTkGvA/Gsvma5cEEnbhfXGB/ia98nYJGAR1r5r8R3P2rVbh1IbfKR7YziuSe2p6EFrc9c0YQwaTbwbvvRg57Vy/i7U4NC0i5vp2Ek7jy4R0yx4A/wCAjJrqYY4ljhEh3FAoIH0r5m+JHiP+2dYeGM7YbTKIAeC38Tf0o8gb3Z5hqE/mzM27dnnd3JPes9z0A7U6TAbd61GceldKXY5W7iH3pM4ob2ptMhsU9aBRigY70xBRij3o5FAAKSloAoASiiigQoOKM0lFAeQUtFJQAUUUUAFFFPQbmAoAt21uH5fvWvDYw4+ZTTLdSsYUDg8GtVAVBKHB96C7ECQ+XgIOeAP61pjEaYI6+lQiYJjf2NWEmRv3YwaBXsPiKtgfd5zzSkuck89c1GGjAII68CngkEKDx3+lUHQo35LpgHPbrXNrK0L5GQQeK6a7YNhV6YyOMVyt0u2SpA9m8J6tut9rOM7cH61uXrlhvJOR6dxXkPhifZcHJ5yOPavRJrtc7ckBv0pg9jobFg8QViQBzx1p8+GYpnOenem2TxrAMtnPSnTpER8hxg9aYkmZUs2MoPl9akmuPKCOGwo61gxzJLeyxs33e1OurjzrVoVIXb2PWiy3Cx3OkamSpCsM/wBKbfXDZLN1Pv8ArXC6XdLAqDPJGDk1rPc+fIo6D/Co8xo6i2cgYByeM10ljeZbAOAP6Vx0U5jj5w2RkD1rY067R2DYwp6ZoY9tj0nT7t4ZhKCQ4wRivcdJv0v7VbhTnI5+or5zhdmIGcAjnnFekeDtTaK5Nm7grJjaD6j0rzsVC8eZG9F2dj1oMpHJ5pytkkAYHeqyN3apUbB4PWvEPQaLhcBRkVIHBHFVFI5J6GnAgN9Ohpaj2LYOc+9OXp1qsJB+fU1IrZ/OqewKzZMWwakB5+XjmoRkgk9RTc+h4oUkHqWGYnn1qdmZrbDfd6frVFjwD7/pV22+a2ZG/vHn69K9HCS94wrrQw7gI7KoGcfriuI1hWt/FelXecLMssBPTPRgP513VwMTbcHg9fY15/43uRbWtpqWPmsr2M59m+Q/zr20zh6aHpjCRoVK4Yqc9etaMLtgoxGeD+Brnbe5Z7MLE2WAyD6+v6VuWz+YgkJwD3o6AtHdD8HcMLtznPua+eP2ktKe48KWepoAWtLkAn/ZkGP5gV9FFlkAUHABPSvLPi9YrqXw/wBWgkHzQQifHf5GDDH5VcW00G+5/9Pmr+Xy4GlYgBEJH1xXzRGqXmswRPyHnwfTBOa+h/EM8cWnXMjEALGSPqa+dNF3vr1thSSGY4B7AVxTs2j04JdT0Lxjr8Oh6FNMkgjuZh5UIHXJ6kfQV8hXdz5rEv8AMfU85/GvRviLr/8AausvDC37m1zGgHTP8R/OvMJM7MnHtW0V1ZjJu1kVGOPlxzTCT2ozkk0Vqc400Ud6MVRIUlKaMUCCkpaSgTFopKUe9AxKXHejqaSgBe2aSlpMnpQDCiiigQUUUUALxVq2TJyRxVZRuIFbCKY1Ax1oKLAbK46E9a0I/wDU7jnuoPqetZ6HDgEdT3rTUbotxHTOBS6FEO9txz1OODT1uNw44I6iqNxISwO3bUcUvzEucA96YmbjFXl3fdUAYH86SWUDYOmeCapDexXJ7mrRRJIt54wP1pJtFeZVupCABn6fSsS9fdhgPbirsjtj9Kzrg8UyPQk065aC4WTPQ816C2oRSqgXn1NeYKSprZt7gtIigkDIoC/Q9Qk1FbZY2zxt/LNbH25Z4MKRkjqPSuJ1IrGkXptAGPetDTS/kblJ4HGaL9B2tuVrWX/TJyc5DVAjHzJGfPJPJ71JNcKk5GBljzWW10209ME4Bz3FF+g7FnzBGwC8gnOfSteC+Z5VXGB69etcb9rd5MOcEdq0bOcm7ZSegwMdOKF5k2u9D0QTgou4jjgEGtCwu0F0qOPwrhFvz5ipFx9a2dNmJvZHHRRyT05qXq7FLRHqX2tEUPzgnHvXQaLevHMk+eR39K8zivZJJfL7jmutsnYbUP3e/wCNZy10GrLVH1NpN/Hf2Uc6HORz9fStZSMbs15L4K1dUk+wOcq/3c9mHavVY2U/Me3pXz9anyStY9KlLmWpbD5GG4pcg8joahBGME59qcOO30rmRqSjA69c81Ir/NtHHFRdME845pCxxu6gVQ0kti3kk5B69KUFsHNV0c4BXnpTw5we/NJBYeG+bB7Vag+eJ0U7W4IH51TZjtBxz3qzbbjKemSuMV1YeSVRXM6q913KkvmYLuME4GfpXC+OoBc+F9QjUAskfnKDxzGQ39K9KnCBCG564FcXrUaXUFxbN92WNk/BlIr6FPU85eZL4cLXVrFNG24SQr+TAGuuQGKFVXovGK4D4fXYl8MWcxA3Rr5TZPdDt/pXoRLOE2DHfNIaQlmkcaumMZJP4nmqetWEOqabdWcoyt1C0RAGc5BFWbOTzl84dSxBHpg4p12XRHMfLdvTirUrhyn/1PLvGtwIdCnGfvgKPxNfM97qx0oPNbsyysrRIR/Du4JH4V7z8RbmNNIVScFpF49cc18maxei4u27AZArkteR6UXZGPdSmWQ5bknk1nyn5eKeXZm2k/8A6qhc4bjpXQkcrdyMnrgU360pyTSdKoyDPFHNBNKOnNMQlJRRQIKKKKACiiigAoopeKAAUladjpk17uYHaijlj0qlcRLDK0SsH28ZHSpUk3YtxaV2iGiiiqICil60AZOBQBat49xBrZkBRRv64BFU7WI7a0LhwAqYOcAEntSLIFYttB5PatSN5niIAx6Z7VmwEhg/QjitSJ8ZTGf50vIp7XMW4aQyEHsc1Ard8dTWnerGDxwffrWQTxgUyWrGsZSAUP05q3lTGST15rIj+dQAcGr9uwEWCDk9qd7CK0oAw6isq4PTith887u56Vk3K4HHrQBSwe9aNku6dVPc9qzq0dOybhfrQI7rUHG1A/RR/KqP9rsIikQIz1/CrGrbntRu7L19a5C2k+YhjTYGkblZZd0jbfrzzUU92xGxGAHQ4Hv1qjcYTkfiKq+YW5NSVzMuI/7wHrVi3umWWVzxn07Vmo43HP1ojcbcE8k0CTOktJTI5lzgDua3ra9SG1aVm5c8fQetcrbq7IFDbV71MszXE6oPuDHT2oQ7npWjM9ywmPU9vau3iuWtyOma81t9VjtAkNsN78j610No13LGJrtvLychR1rN7bDPVNMvpIGW7iOHUhh9a+kNMvEvLOG7i5Eqhvz618oaZKqx7kbc2Mc84Fe0fD3V/Phl06VuY/mT/d7/AJV5uKhpzHZRlZ2PWt5B3YFSBx1B56VTWQ9OoqXfgAV5HqdqZczjtzjtSZOQelQqR+Oe9Abpn8acRNk4bHb61KrEdBVYHaNx704O3TGcGk9RrzJzJ8pHUU+GQ+dGQOen6VUzngnNOjYo6lTzuFawspJikrx3NK4fe4J54/GuWvCwOSM85Ga6S5ZIwZMbvm4NYF8snyNjAHUV9DfRHmPQ474aFohqelyH/j2vHKjOT+8JevWd5QZJzg5GeuK8T0NvsPjfVoIiVMyRXGB0JK7T+or1S3kklWNiSdw5JqlpsCL1kwjeaIDneW49G5zV5znBH+RWe0ZF0sqHou1vp2qRg75I4x0xVR7iZ//V+W/jBq0cEFvpqNmR2Zzz0UcfrXzLPIPMIHOCc17f8Zf+Q5bf9cf614PL99qwijrlJ2SI2x9MVCSSamfvUfcfStjFsjzxSdqSnr900ydxlFFFBIUUUUCCiiigZpWumXF1bvcR9F6Duas3miz2dpHcuclvvD0z0rb0L/jwP1atDX/+Qcv/AAGuJ1Zc3L5ndGjHlcjl30G6FvHOCCZBnaOoqKw0ia7neN/kWL75Pau4/wCWMP4/+g1R0z/j41P/AHhSVWTi2KVOKaKF280lmLbSQDGgIcr147ViW+jXNxbPdD7qruHv7VvaD/qLn/eb+Rq9pf8AyBW/3WoUnG6Ro4KdnLscjcaPc29kl4/Ruo7gHpmiLRb2W3e5C4C/mfpXWat/yA2+ifzFXbL/AJBjf7o/lVqrK1/MwlTSlY4aw0e7v4pJYRgJxz3PpU+l6BqWpy+XaQs5VwrHsCfWuo8L/wDHlL/11b+VdX8Pf9ddf9d46tzepKgnYz5Ph3rVpq1vpqr5i3ABEij5R6k/SoNe8EazpusJpbpvabAjdfusPWvoyT/kMad/1zb+dZHjD/kadL/3f6VmqjKcUjwm/wDAOu6dfGy8s3Hyb8x55HfH0q/N4C8R6VpsWqX1syxyEnHVlH+0PSveb7/kPx/9estb/jj/AJFT/tmf/Qa2jJyaTOaTs3Y+OJLIXuoR25cIZHCkt0Ga6TxR4Al8O6bBqCXC3Ak4fb0UnpisKP8A5DcP/XZa9l+IH/IqQ/VP/QqqcmnZDg77nhj6LfxWtvetEfJmXcHHTGcc1v8AhXw9JruprpaTLC7qdjN3I7V0t3/yJVh/1zb/ANCpPhx/yN9j/vn+RpyelzSx0F/8H206BZZ9QQTZ4VuASa8X8S6Ld6Rcm2u12t1Ujow6ZFfZfjr70P8AvL/Ovmz4q/8AIStv+uR/9CNYU5uT1NJxSWh45WppgH2hT15FZYrT0v8A1y/UV1GCV9DtL8EW4I5DDiuMjUJK271ziu4vv+POP6VxL/65vpTYDbpgwLr0PSs8dfrV6b/UrVH0qRsUEgFvSmI3Pv2p/wDA1Rx/fX60yTTMxWIRdz1P9K29LsHdledvKT17muef/Wf8Crt4f9RH+H/oNS9Co6uxq2ktjbOVtUzt7t1ziukhMzFSQcAZ/OuHtf8AWy/hXoVv0/4AP5CoNZRS1RuadIIzkcgjBH1rsNA1YaXqsVyvABAYf7Ldc1xFl3+ta6f6/wDAVjVV1K5MW1ax9ZRyLKoaMg8ZGPQ1ZEpDDP61l6Z/x7R/9ch/Kr8nX8R/Kvn1qeq1pcsrJkHnmpsgrkfnVKH7zfQVbj/1X41MlYSJmYbME+9RhuhB7U2b7o/3TQv3F+lTuW92PY5XGOKQP/GDx2pT0P0qJP8AUr/n1qoslu5sSPkbscHFQ3EqPGydTyaV/wDUL+FU/wCN/p/Svok/dTPLT1aPMXL2/j6zaYALdWksRPrtO5T9ecV6nYnjb0wP515drH/I6aP/ANc5v6V6hY9fwqk7tmzjoXWIil3dSf5Uu7H0NRz/AH/wNObp/wB81cNZWOdn/9k=', '2026-04-16 20:29:39', '-1.52183487', '102.12528897', 30, 'data:image/jpeg;base64,/9j/4AAQSkZJRgABAQAASABIAAD/4QBMRXhpZgAATU0AKgAAAAgAAYdpAAQAAAABAAAAGgAAAAAAA6ABAAMAAAABAAEAAKACAAQAAAABAAAB4KADAAQAAAABAAABaAAAAAD/7QA4UGhvdG9zaG9wIDMuMAA4QklNBAQAAAAAAAA4QklNBCUAAAAAABDUHYzZjwCyBOmACZjs+EJ+/8AAEQgBaAHgAwEiAAIRAQMRAf/EAB8AAAEFAQEBAQEBAAAAAAAAAAABAgMEBQYHCAkKC//EALUQAAIBAwMCBAMFBQQEAAABfQECAwAEEQUSITFBBhNRYQcicRQygZGhCCNCscEVUtHwJDNicoIJChYXGBkaJSYnKCkqNDU2Nzg5OkNERUZHSElKU1RVVldYWVpjZGVmZ2hpanN0dXZ3eHl6g4SFhoeIiYqSk5SVlpeYmZqio6Slpqeoqaqys7S1tre4ubrCw8TFxsfIycrS09TV1tfY2drh4uPk5ebn6Onq8fLz9PX29/j5+v/EAB8BAAMBAQEBAQEBAQEAAAAAAAABAgMEBQYHCAkKC//EALURAAIBAgQEAwQHBQQEAAECdwABAgMRBAUhMQYSQVEHYXETIjKBCBRCkaGxwQkjM1LwFWJy0QoWJDThJfEXGBkaJicoKSo1Njc4OTpDREVGR0hJSlNUVVZXWFlaY2RlZmdoaWpzdHV2d3h5eoKDhIWGh4iJipKTlJWWl5iZmqKjpKWmp6ipqrKztLW2t7i5usLDxMXGx8jJytLT1NXW19jZ2uLj5OXm5+jp6vLz9PX29/j5+v/bAEMAAwMDAwMDBQMDBQcFBQUHCQcHBwcJDAkJCQkJDA4MDAwMDAwODg4ODg4ODhERERERERQUFBQUFhYWFhYWFhYWFv/bAEMBAwQEBgUGCgUFChcQDRAXFxcXFxcXFxcXFxcXFxcXFxcXFxcXFxcXFxcXFxcXFxcXFxcXFxcXFxcXFxcXFxcXF//dAAQAHv/aAAwDAQACEQMRAD8A/RvjGDyKkTKjA4NVUlPpirYwRgnNfC2sfStWD5TweooIAxScgAjiheRyOtWlfRkCTQ280ZMg+aP5l/Hg/pXL3qrldv3SAPrXSXMqKjnjIUDn3rnHY9+cV9ThY2ppHk1tZnlHxZujb+HIbNfvTSE8Hn5R/iRXfaDYx2ulWdmU2rFCkePcKBXk3xTlN5rmlaUvVpI1wB/z1cD+Qr3Czx5Xlk4JB59DXSl1M7GjEGyW6RnAx1PFXI45EcSOv32w3sO1RWTCYYcFX28/ga3raF/JAY7iT39Krfch6Owo2zSImOTgBvYmvz0+OmtXWs+OtWido2htZzFF5YCj5AF+buW4wc1+iccYS7UBcIOc/Tmvyx8Z3Yv9e1O7Y8S3c8mc9d0jEGto7k27nmd1nBJUf41liIb3CDkc5PY1oz4ySnzDnt3qtEFYtuHPGa6E9CJa6WMXVOUCL8wUc+2TWIQjZYDbkjjGeRXSXkYkbKjgg57Hisjywkm/GSSQvPTI5rVWastyoRtrcypF2ByvIOeBUaq4YYGA2PerkkU7AAj5jxwePxqUWrPtkLDnPTpn0rnlBRu2XrtYq2ZImXKk8f5OK35SskfmAZC9Ky7W2czmYcsODzx/StKS3nG4/d4rjlFXvcSWupkQhmut0gxx0x2HSkUgzFgBknpnt0q/ZxMZWR1yxGdx/lVKS2aOTBByGwMd+f6U7N6BPbQss3lykIM4xyeuauwS/MgY8qRgH0qrhicAAPnJ45x2q9GrRzRkjJJ5PWkoq1upLu0dC0rPB6AnJBp/DMCByRjjv9aru6hC2QcELkVIjnbs9s81aVtERfoyyhO/jr+la1uxPy//AKqxrfg45OMcD3rYgYDhxzzVJsGupqWu45bt7cc1tW/K8fTHpWDDJvIHTHpW2nyDB9utJ3bs0RazubttnI4J4/Cut0SRBeRY/vDr04rj7SQk10emNsuEH+10+tXp1Fc/TOCQTQpKOjqG/MZqSs7R5BLpNnKOjQRn81FaNQahRRRQAUUUUAFFFFABRRRQAUUUUAFFFFABRRRQAVUgf/SJ4j1Vg34MB/UGrdZe/wArWTH0E0GfqUb/AAagDUooooAwfETCOyEnXDY/MV5Fe3pQkjk4617Jr0Ql0qYH+Ebufbr+leDapJjkDHPb9KvmSWpDunoZ9xdFicseecVnPcqykdeo55qlcTKcF+ffvWbJcZkKRdCBn1qWDvsgnudwAGARzkVnm67jjtVe6mAbavbPHrWbLdLkKo4+lK47dzVF1h8A8H+dd54D8QQaT4giuLmTZDIjRyFjwoPIJ/ECvKGusKH46moTdNswDjPetoyMqtNSVj//0P0QPQZH5VYRkyeoNUQ74C496eJmHbOK+Ds+p9U10NBW4Ofwp4Y4yaiSQEZIpxIKZHqK1iuZpGDdjKu2QSyk9Sw/IAVmEDaR3zge1WJRIx3S92bt71Vudq8+2a+ypR5YpM8Kbu2zwTUyNY+K1nbyfdgnGMdhDGWyfxr6DjhDMuxcl8D2xXzx4NiTVfiNc3ZYkwpO6n3dgo+nBNfUdnEIolDZyq/qK1QPa5Dp8e1jI5wAMfga3IDFwU6jOPxrPniIV5up2545FX7UZhXjB2jrx9aqxK11H39yLa1mum+UQQyyH32KTX5KapM1xGz55Zsk/Xmv00+Il+dO8A+ILzd93T50XJ6GQbBj86/MLU2IUIvSnHTYS8zmrhmLgJwOc9qgRxtZn43cE1PPuQFuo9B601VUr0xk84ra9ypSsrGLeu0km4DIH4dKzyQz78blAI/yPrV27fMrqpxzWY2ETcGx69a06amSu9hFZS2GBHOeOMVIn3Cv+sGcjHv61WWRCVQYwDnp+v4+lWeAgR+EPYdT6VEkWnfQuWKr5pAbhuQOtX5/vZ28BMD3/Cs+xUA70bovy55/ACrt0ZeCTwo4Heo9mpbkKTTK1k6tcHd0UcCpFZftTqoGAee/J71XsQ+92IAxnj1+tWpQfNcgBSfSueVOz0Lc7XK0pSNs4znoO/HT86kDPG8YPAOMg9s1nX1ykTBT0BA9T7U9LkyGIMOc5bjtTVFoxb5l5m+/yrIpPAIPTuacjLtDHnjBx0qtLu2YLgEnA9/SnQn92IccDj6CteW3UlNvRGnEPutuzjpWrbsTw/PPB7ViLmMjbyAMH8K0oJ/l2gg8VLvuXdbM2bcLE42Y59D1zWwkzErn8RXNxMCQo6jpWtDNuwSvBPNKzbuPZbHU2r4bP6+9dFpr4uU543CuOs7gZyOx710VjLumVu+4GqSd9TLTc/THwnKZvDGlynq1pCf/ABwV0Fcj4Bm8/wAF6TJ/06xr/wB8jH9K66oZsFFFFIAooooAKKKKACiiigAooooAKKKKACiiigArG1FxDf2ExON0jRf99qT/ADUVs1zvidhBpyXve2mjlGPZgD+hoA6KigEMARyDRQBXu4hPaywHo6Mv5ivmHVHJLgDGT79q+pq+ZfFkLW2rXFux4V2x+eR+lUtrEyRwV3ORwpGW/lWMZtku4nA6fjT7uYo7ID09axZnGdznIFSimrk97OTlskknt2rKMu/nlQOamnnUxkqc4xkVjTs4zycHjNHkQkXGuQg3dccHmo1uBv444xWY9ychScn6UiT4KgcsBRexq9j/0f0QUf8A1qcqBeG5zSZBI5p7kDjn/Cvhbn1PqPXb/F1xVgAKhOenPPTiqiDa3PJp5lZYZfLGWIwP+BHH9a3oxvNJGNR2jcz7plADkDaDnA/zzXO63cC10+6uWOBHGxHbHFdPcIFJQEfKcEEd684+Idz9n8O3U2du9Qgx/tcV9jFJLU8N6s82+EMbSa9qN2BuCRxoW6csS3H5V9L2d0GYRMCcnp7GvBPg3Ao0m+vHIHm3RAP+zGqjH5k17zp8YJYr/Ce3etXG2wmbg6eWOBxipwUClPUH86hjCp1HtnPen7gMjvnrQZ2Z5L8dLn7N8MdQQH5ppLeP6/vAxH5A1+bmo8OSB681+hX7RCP/AMK7jkVtv+nxEr/eG1v5da/PDUXbewz16CmloVG2zMCRhtLdCTnmmhsxnkgjr/hUFw5Uj2PP9aYXYQBk5Oe3vW/K9zOcmle2hmXYG9iD6gt71kPI8g9cdSRzzVyd2DbsryTwTmqjuxfcOCy9B3/Cr16j0toCJ5xICErGO3OB+FXNrbAXI3AcHpVSGaWONhEQgddjAZ5zT2uJB33EgnkelLd2SGkorU1bQKQzjBA4NW7lQFZsfOE4x+tZtk29fm+Xdg5HtWtdKPK8xT+8H3iPSpk+hPJrco2O5CykjkZAqG7ZwskgfsfxP/1qn2bG2iQN+7APH3e/Wqc5SS4W3mbashHJ4q4K8iXdqzMKaVzL5YX73f3FXbSSTbGXUkBuvrVnVrVbKRY3K5ODkDoG6fpUNtut2+zq24hgVPpjpXQ4Jq6MouV7G5NOVyygEZAbPXNS2zw8hpOVHfjisNCC/wAzmTzOXz2Y96mNqTlo2AIPzAnHB9K4akWnqdUIX1Z1KqyEKPnBGcDkAf8A16mjBBK4Oe2ar6XFc26oGbeQASfQV6Zp9jp+rWiORtlOc4GM444rmu+oOCtocNbyFWA2kEd+xrbjl4CnBHoPanXuhSLct5OQiuQAeTx70wwSW8SF8q0mfyFXdENM1IpMHpkH0robFwZ1b6H8q5W2Zs4JrobFlaVdpycjincz5WmfpV8LHD/D/SWBz+6Yfk7CvQK81+EMwl8A2Cj/AJZNMn5Ssf616VUvc0CiiikAUUUGgAooooAKKKKACiiigAooooAKKKKACsnXbb7Zo13bjq0TEfUDI/UVrU11DqUPQjH50AZ+jXH2rSbS4674UP44FaVcn4Lmd9F+zSfetZpYD/wFzj9CK6ygAr5/+KMYt9X3KOJ41duO4+X+lfQFeKfGGArDZ3g43B4ifQ8MP600JrQ+c9QljEhCgnPXNc7POrDBzxwPSrmoysrhs9qwZ5SFJ44wTRaw0+YvSSo0YY4+lYk1x85b0GcdqkEilSDxnn2rKlk2Mdvc/pUqKerEr7EjThiWOARzSLPsfzAQMHnNZbsCeTimyOQMF/pxVWS2L3P/0v0JEnzALVjzFY1ngtwRip1K7sfnXwyStofUSui4WKn1zRhWxHnG5gffjn+lQqxK8CgIssoXOGUMwPp0H9a7cJG9RHLW0ixb5Qo8xeufwNeHfFu7EOkR2YPMsoI+igk/rivc5iyRtDMNwHQ9Aa+Y/jJeKJbWFWz5SOxH1wB/KvqEzyGtTr/htbG38J28+3JkDykdM/O3P1xXr+hSMrqr/wB0sB9cV554IDWvhjT4ZcblgjB/EZP869F0+GWA7sqEPQjtW8Xclo6lI1bdtHfOPekZlSPPoeagSUwzGLrhc/8A66exVhvY8EdB0ptmdjwP9pS98nwNptsD/r77fx0Kojf1Ir8+r18szA9TX2D+0rrVw+paX4cVv9GgtvtW3H/LR2ZAQfoK+OboDcSeCT60+hUddjEnG7cCCO/PSmskYUQ7cdOPemXDhH2Y69T6DtSzuPLJ6DHGexA/nWsbpDcr6HNSoCxVMbwSDg8iqMpmYjJ6dcVZkyyuQ21ugPfmoNyFdueV5PqTWydtWJRWyLNsYVLKxAJxj696sosGSJsYHQkdKx5SU2uiEnPHrU0N+gfdtLBjk89P6VDjd3TBS6WOhtm835lXYVOcAZBrTvLd9u2Icnkn0FU7WWKdAkTbQ2V+YY+b2NXitxC/2aY/u8jk/exStd6ktGZdxppUEdy8bGNiVI9xzWJqMrTXqX6KAG5Ab7pGOlausXk10BayozrC5YqD82McVyd9eyrEkSl1hUnaD159a7KcWtSG38SNG4uo33PO5d2AyrHOBj09qdo9td6refZ7MEbFJeRvuqo7nNZEFiJI21G7mCZ42nrg/wBa1LXULa3tpYreYIzIFbkjdzyK6NTOLbTZt6vBpWlWm2OQTXBAyB0zXLrdzykZydvHTvTGmjuH3StllOce9b+nWnnucZAwCe341lJJbjjJt2kdb4YTzWDXMpRMAYB6fhXsFtp8VkhZGARh5Z+p7iuD0XSYgYvPk/dnjORx+ddffaf/AGdbs0EzSRA/dHJ+o9uK8qok2dCb3Oo0yO1tZA9ynnSbgOTwADzWT4i00ysWX5Qp+VeuN3/1qx9P1BxArSSBWY/Ic8n8K6ZJmvXF0TkyDBHoRXPtoxqN9zgDCLe48l2zg5PFaVtMElVl571r31nDJjcNpPQgfzqhDp1w03lIvrgjmtdLGUt9T9EvgbN53gZcHIW6mA/Ha39a9irwv9n+Q/8ACH3Fuf8AlndEgem+ND/OvdKl7ggooopDCiig8UAFFFFABRRRQAUUUUAFFFFABRRRQAUUUUAch4fU2ut61Yk5HnpOo7ASrn+Yrr64syi08eCM/dvrL/x+Fs/+gk12lABXm/xVs/tXhKWUfetpUkB9vun9Gr0iuf8AFdmb/wANajar1e3fH1AyP5U1uB8EagxHysN2DjisPUJo5IgQoRxw2OMAf41oanMmfOXgE7vr3rkr6/a4lEu3aG61TdiYruSRy4JUE8+tUpiVYknkntVU3RVgrdCe3WmySH5ixz/Piokna5aspaEcjnls4Yd++KiLcZbLHtiq8s0Z6t9B04qq8yZ+Ug84oT7Glrq5/9P79XOMmlYE8/ypp3f41KmCgIPavhVofUtX0Ho7cbuO1Ydxftb6vK6RtKyQJGQvQFnLDP4VtrxkCsbTpGN/dvs+WV8ZJ5IiXFetgfjucWI1jY0ibryTcXcnLjO0fdUV8ofFK7N3rzwR/NhFjBPIOemPzr6uvyFgZm4TbivkbVJxqvjdIsZWS6RBt/uqwH8hmvoEeZbpc+idFt/s2m21uSGeONEwfUDFd1bXCNCwjPQbeOx965fTghm3uPlHYV0NrbpDI3zfeYHH0rZamTbTOmgMxidpFywHOOhqVkTYF6Y6VWt5SVLMeD37Y9KZcKrqDG/Gc4HetEiGfEn7RdwzfEB4z92KygjB9OC3/s1fL12Sckds8fWvoP46XEkvxI1jd8wjMSL7KIk4/Wvna5fGeSOwz60PyNIPSxjSycEHGDwe9Q3jARMW4BUcntn/AAp1y6ySgL1B5J7Ypl0WZXB5DcHNO9tbA7OVkc5MzqNyKGABFVVeNuAArcZx79eatyb2DouOMY5rOkRxtZujHJxVc10KWj02LK+WCFXPHU+tRvN5a7wBkZH4UyXIYspIwD/9aub1rUzboDE+046fWt6actglJLQ7/R9asYdy3BXy/Vu59vQ1Yk8RO7GCQiRCco3f868dTVreePy8FZAOT0U+/wBasR3/AJKYbJYjjPIGa7FQSeqM+e56MfEDvfCVwGVRtbOMgVZ1G8t4rUXMMG8yEncT0A46djmvPbOc3EoU8FjjPYf/AK6ualdOhNjHIWjXnngZ71sqZN/5XuVridJDJPubD8hc456VV88oVVuQxGfUZPWsyRy/IkG0dv6etKnmyv5hyE6fN2+tdPI9jBx7HQRXiLcFwMbcDB5OB0rqrLxOBPxGqnGPb/8AXXmqSFCSRuI/yKvW5EgLHBHfHH0pOC67GaT2PUIPFFxHugnO6Envx+WOldPpvi6eJlikYtA3YnJANeS2shVBHPyT909B/wDXrWRZyMsOB90nqK550oSexaqSsevSXMRBktccnPoR6102ha9Glv5M59gw+teQ2N1O0ZhmbnA6/wBK2bKTayxZG0nJzxg+orz50EtDp9pY9nuLq3mjLpIJFPPB5/8ArVW069cTny3K4IwB2rhySGjWFwHPIIOM1t2drcSy+YjKmTk84Oa4nTsVfufW3w0+JS+Ebae2udkkErBio4YNgDPvkV9TeGvGuieKI1/s+UGQrlkPUH0r8zLu5ht0Qed5sj8Fh0GK9H+HXiW90jxHZSW8h+dxuQng8Hr+FRboJ23R+jVFQ28y3NvHOvAkUNg9s1NUgFNkXejLnGQRkdqdQelAADnkUU1BhAMY46U6gAooooAKKKKACiiigAooooAKKKKAOE8VD7JrmhaoM8XJt2x6SqQM13dcJ8RgU8Nm+X71lPDcD/gDAfyNdzG6yosiHKsAQfY0AOpGUMpVhkEYINLRQB+cvi60Gm6td6coI+zzSRAH+6jED8xivM7mRupHyjjive/jNYfYvG+oL0ExScH/AH1H9Qa+fr1sOccj+dU9XoVqUnYk8H6c+lSz3CY3KOcc59aoTZ8rqP8A9dRSygqF53AD8qm+o9tWMk5yMn5gaovLtUOTzn8j3qfzDuIPfnJ96zWZQSwU7Seaad2Fup//1PvrIc5Bx2xU68c9ulUuuDnrzUgkyMGvh2ujPqdN0XCcDPeq1v5ctrDNEBtdS+RxyxJNUtTuzZaVdXyKXMELyY6ElQTinw3P+g2+I9o8lABnBHyivby+DV2ebinqkU9VuTDZTNJ90Kxx24Ga+V/C0X27xnaMAch5JT+AP+NfQPjO9+y+H7yflT5LD6k14P8ADhGn8TSTgcQQN9PnZV/xr2NeY89M+grO4ZLooOD8uPp3rtWuWF1GjruU5LN0wuOMetcdpsCCcvI+T90D6mu0W2hk5UEt2z2rddiW7mqibojEQCknUHuMU+QohjhVQFBAwPQGkjcCJCRk4wfWqk8x3pJ02sD+XNaR8zOR+cnxM1GTUfG2vXztuD386rz1VHKL+gryG4dmyGPIB6cf5Ndb4gvTcXVzdP1nnkk9clmJ/XNcTKTy/VTxmunluyoySKLrFIyq3HOCf8aS+2CIoh4GMnHHFRBojNsAPy5J9qi1Jl8pUUlgx6j1qeRuSiEmYr/IMqc5yPbNViFYMGJBByD2qZo1C4yN3Oc005UbsYPp2xSlG2zHHRmNqt2tlaNLIxAQHB759PevMJZmvJHllzgnr/n0r0LXlaS32ydAwP8AXFcRfNaliYVKLxx716OHSSt1MKi1v0KTJMz5bhQuFzz+FX0DCNAGAbHB9cms4qUITecLluOetTFVZARwACTjnmvQbelzKMludBYXKxTP543bwOnU1SuLlXaa4IwiNgZPPPpS6YI1hecpnaOp7GqDqkrYc4OegGQauGr1IfZMskpBJjIb5QS3qDU/9oSAeSjZBYHA6ZxiqEYibKOxDbccj06DirAj811IXLYB/CtOpKbeiJVR94Ixk55Y1oRI6DAHOM8cZp0FmXKqBu7dK6dLViqhV+YdT6gVjVqrY3VNu8rFOAsFHsckjsa3EkuZSBgkE4wBmn2WnM8o2cHHT3r07w7oD3U6ggKM5ORz6VwVKyjoaqk3q9iPwr4K1TxBMtvaKVwAPmGMepyetdJJ4SvdIldLxN2G2hhyvFfX/wAL/h6Lm1E1uiqYeGYkjcSMkflXQ674StrNJoZbZPKcsRgZ2lj0rypYl3K9l2Pha7sgsaXCMm5eGA4P5VmpeyLIB8x9TnivUPEPhn7Jqk8WNq7jyOmO1crqPhS6srYakwJik6Yq4zjLdidN9DNs5iHyx3DsPSvVfCTGTWLKQ8YkB/DPOPfHFeVWVnNv2xKWxjp2r6I+FFnbHUftd2oYxFdquduXzkYonFLUwu3oz9BNFG3SrcEbT5YJB6gnk1qVl6XdPe2izOUyeyHIA9CfWtTpXI1qaxCiiipKI4ZPNiWT+8M1JUcSqqbU6An+dSUlsAUUUUwCiiigAooooAKKKKACiiigDnfF1idR8MajZr96S3fH1AyP5U3wfdm+8MadcMcsbdFYj1UbT/KuidVdSjjIYYI9jXDfDvMXh99PbrZXU9vj/cbj9DQPod3RRRQI+Tv2i9OWPUrDVFX/AF9u8TH3ibI/Rz+VfJ1zbsxJUA+1fc/7QtkZvCVrfAZ+z3Sq3+7IpX+eK+FLuR4zkHBHH4USehXoYN2pjDRuCo7H8eaohQ8ZDH3yTU1zLI/yuzEkfpWejPnafu46+1CXVEyevvCyMGIUkggDr6Cs+5Zo3ZUGQfXv71ZkADnPIPQ+lVrr5cE88dDVaGiTuf/V+82xwvepQdwwDzUBPoaXIX5s+1fDpq59NLyG6xZi78P3lozAfaAkOT6OwBH5VNd5ZVVQBjBzVbU5PNhtbVzhXnEnHH+rBP8APFEsnybVPFfVYRJU0ePWlebR5l8Tbxo/Ds4fjeyoMd+c15f8NzsN/dD1iTp9Sf5iuq+K1wsdpDBnl3GRnjGCTWR8NLXzNEnkGMzXLgHvhQF/nXT10Mlc9rglQGF/u5YZ9K7K2lTAKenX3NcjBbJHbpk4wQee1dhGoGwHnA7VtDuZy3LwznfkE45x7VzevXj22nXc4+URwTP6fdjJro+ChKkDnmuD8f3a2/g7XLjp5Wn3BB643KV/rXTbVGMvI/NHVp1PlREc8kn3Fc5cTsgYEHKnOM8HFaWtTAzRKeCVb8jisN3jLbjnr1Pciu9R6hFu1okNuW8xi5Lckfn3qDUlBjAV+RkgAelPjLkuwOckYx6VSuGdIwJRhmJGG6kVLi73TM072uZ7sCPLYZI5z60oZinGSD69QaiMil9zcMDwO9VPPZW3IefQjJpNami8zH1qSTymUg8sM/Q1wN28seHKhgTjB/8Ar16NqH7y2yD8y4/I9a8+unaRnjYbiDkHPH4V3YeL6IzqNfCzLRpA5JOMd/QH2qU75CwjJK5wT05qJCWYk9z36+/61qWwxC0nALYwM8nHtXpN2XM0c0bO8UOt5ZVtpI5SNpOeOpxWak53kDjJ9OMf/Xq2UmC/KvJPIPoaI7NlmBI+bGMZ6H6jihW1uP2drWCICSQBOT3ya3rOzBO5vlcHGRUdtZrESXAzkDA6CuksrdWHy4ULx1PzVx1attTrp0OrNCytVQdMPnHrz710EUYiw3cDvz17cVUtIctgjr15rSt4wkw53KpyQepxXkykp7npxSS2N3T4xA6zSLs7/WvVvB4SKb7Xcr8oyee/oK8nhZ5pN6nnPPcV2+majcQlEi4UHke1cdXbQpxSPtPwT4tg02KJ1PljnfxndnjjHI4rsdW8R2mrbhbvnzFPXqO/NfMfh3WG8gRPFlT0KjnNdzpjNM/nYYLznPUH6VwT5hRikzT1XRLLVwACPOGT7HHrXCa9o9wlobCQ5BHK9cV6fBFDCpeTnByv+JrgvEE88lyZFICnI4rFTasauG9jx3Rd+n6myqRlCQc9ipr0PSvEaRNJdQnyZC2SB046YrzrUD9kvXm3gLJkEj86zLO7eRg69xXtq8lc8WS1aP0M+D/xBHiffYXJCXEIGewdegI9817/AF+dHwX1SSy8d6WqZ2zTCFvQ7+Ofoa/ReueqrMIhRRRWJZVtZA5mXbtKSEH8gc/iDVqq0RT7RMqjB+UsfUkY/kBVmpWwBRRRVAFFFFABRRRQAUUUUAFFFFABXm/g7dZ+J/EmlN937Slyo/66rz/IV6RXm6r/AGf8UmJ4XU9OBHu8LEH/AMdxQM9IooooEcH8TtLXV/AerWhGWWAzL7NEQ4/9Br81dRXJYHqOn41+rt5bLeWk1o/3Zo2Q/Rhivyx8QWptLye1cDfBI6H2KEqf5U7XRSdjg5CykjJFUI5vmOcgHjgVeuSu8nr6nPesyVwOem09P60rIpp7piTTBWKA9fSq1xIrRq3vj1qa5aLAJ6ngk1VnULAWOcjkCpYo3b1P/9b7wLcY6e4pRhgTmoQRkCng7SAehOK+IjbofUSXUguFJurbDn93G5K+7EAfoDUc2cMx9DTmlaS7kRwQiKgVj0OMk4/OqlxcNGnIGMHNfVYaDjTR4dWXNJs+f/ihcj7Vb2wH3ELficD+lbfglHsPDdlv58zc/wCLsTXC/Eq687W5lXgxxqv6Z/rXq/hKzC2VnbzjPlQJ+eK3TabYK1j0JAreXcZJTaBj369K6uGTghByOcGs/ToF8oH+6wP5VqLhzwMc1omYyHiQOu6LBVvx5HBH4V5L8Y7z7J8NdccEIXjhgHr+8lUH9K9PVfKgCqNuST+J614D+0RcvB4BKD/l4vYx9Qisx4+orrp/EjCezPgPWGM2oDGT8gye45qhOzBsNxjp9aiZ/OvpT5mUxgZPAx2oMzIu1RnceCea9Z36GdrRuhIyRnP3R0PHeqGo7ncMDjC8kdhV21VljLN1HYd/Wsm+Ro5AGIbuccYz61EVd6EuRQVk6vjOeff0pnI5RRwee/FO3H7qjnHrUQWVQNw+U981pKD6lxbK9zErwvGgJ4PPrXmlwN0+1FBJ7nnmvVmQYyv3R6e/evM9Uje1u37ndwB713YVXTsctVWkpSMrMkWFOCTn65rTsxtK784ZT7gAVnrEJUYFSzDnpzit7T7WSKLaBkBcg9iK2q2S0NKMLsRYnBJKjaec565qaGLCgHkr+Aq0sLA7SMdqu21tI4Yk4xgH61xzlY9Dk5rWQ8RMSMAHd1x2NasEBAG5ePX0qe0tFzvI7c+1dBDBEmGPPH41wVai2OyNJO5BZwTEDyxyPTvWxFp8gkAA5zz061bsZY43DgcjoB2rtrUWKKHdVJavOnNxdka2XwmXpWkYYJJyW5NepaHoVuqqCFznGCK5G3vIIZRJHggc816Fpmr2NzF8jAOhB2k9cVwznLYrkVj6Q8DeC9O1K3SIwqJApwVyOO3HSvR9a8BW+h6Y9xaqGIH8XOM9fT+teA+FvidDp9xH5ZxkbeTnGDn+de/f8Jv/AMJHpbwwurAnkn36VF9NTJxd1Y8UvQ0cjhvl28YPevPtYuAqvtPB/lXp+rWbLLID1JOTXlHiezZLZ5I+e9c0XeSudDTUXY8P1S4M10wznnipLI5fLHHoKzLlX+0/U1r2yHdGAOCevevo4x0PCm/I+mfgH4ZvdU8WW+oiPNvp7CV2xwGOdor79rxf4E+Hv7C8DwySpsnuz5kgIwf9nP4GvaK46krsUUFFFFZFFSMbb2Y8/MqfTjdVuqZOL/b/AHos/wDfLf8A16tVjezsx2HUUmaM4quYQtFFFXcAooopgFFFFABRRRQAV5x4wZrLxV4a1Qfd+0S2zn2mTA/UV6PXnXxPhb/hHotRQfNYXlvcZHYBwpP/AI9QB6LRTUYOgccggH86dQAV+c3xp0waX491aIAhZZvPX0ImUMfw3E1+jNfEX7S+mGDxVaaiOl3aD84mIP6EVSGfI9woDEDI9M1lyuWHHrzn0rRvHKsXbkeuKyTtkbLNtyeSeABSkncvXYhmfdGCvJqs8n+ibgThs4HfP86kDIIWK/MQcj2qiZcjzDkqv4j0zSeqsZO6V7n/1/uwAqcr0NTRY85cngj+dVwxz1z3qRiv3ieAf0FfFU1qj6eW1zIhmk3XRmH/AC2kRe4wp25H1xmqtyxaAgH0xTYm2W2523kkucf7ZLfyNUb6QC3JQ/KASecYAHavs4L3Vc+ek7s+ZPFbvf8AiO5UfM0lx5QPQcEJX0Vo8HlzJEMnAC4H5V84aapu/E9oHwVe4MpJzj5SXr6S0WS4Oou2No47Z+hrGPc1lax6GibUAjwAAVI9v8anhuVZCVGSPl5+tVoX4yFIO7v3x1qaNsxbj1JI4PY/1rVGTVx7YK7T17V8t/tJXMh8O6ZZseXvJX59ETA/nX09LIPlUc8Z59q+Rf2lb759DtuRiO5m/NkX+nFbwlZ3RlK58TQyf6VPIpI2sR9cGiWbdDvAwO2en/1qZCw8ticHe+ST6Z9arysFcbeBnj0xXoLEJ+oONloaVrKYIcMMgn8P8ms6ZhLM5wM4HHuen5VaBuDbruGRjPOM89vwrKuJGMzDAGeeldcLPVHP195EeVwyOAzZ69KqtIm/Yec449PSpAyj7gAY+tNSNiSGGdp5PtXRZdSbvaJYKC3U+a20sNwAGcCuB12SCe6xG2D6+nua6a/nmlufMz8o+UDHboBWLq1snlbwDkdx3xzVUXyPXdm9SnePMkZVhp0k10Ry2OM12kmnRWFqB046Z9af4Qs1a0+1S87jkk+lR65cG7lkEAxgAYPbArOU/aTs9hwXJG6Rz8t9BE3lbgzjAIHXFNj1I7s8hQSG9yKzv7IkkQH36/4GnDSbwgKFwxJPWur2dO25PPUZ11vrcMcWxyFX3ret7+OVQFP3T1z09q84OiX/ACwwoHTnJP1rStrW4hclz8zfN14zXJUw8LaM6I1qi3R6YkiyEbSM8CtGO7l3BC2CO3avP7ORwymVtvOB359K62KYl124Ixz65FefUgkjtpzlLWRuRykEYJwcg/jzV6K/ktm3rwSOTmsR5PmBXjP61l38zO2xDjHPpWUaXO7Mqc3Hc72HWJYX3FsAYOa9I8MfEK50yUKrnDYyM8E18zrcXiOCAWAPIznitaz1MwyIWVhtxuBrZ4KMlucf1l7JH3TpfjWz1PCTsN3cZrV1Kwgv7N1g+ZWFfHumeIHRg8TbQehHXOe/4V7Z4V8aO7pDKTtzjB9/88V4NfBypvmiddHFKatI8z1iyNnq0tuRtw3X9a9m+C/w+fxr4lhMq5s7BllnPY4PC/j/ACrnfiHpapNBqEQ+WU9fXvmvqX9n680/w34Kea7Kwm5uPOeRzguGwqhe+BivRp1fcTuedUpvmaSPqiKGKBBHCoVQAABx04p/OfalByMiiuckQEHpS1HG4ZnA7Nj9KkpsSKUoiF7C5OHKOo9x8pNWqrXUSPNbyHG6OQkH6owIqzXHP4mWLRRSc1LYxw6UZ4pKK1Urk2FBpabRmrUrbhYdRTc07NUpJiCiiiqAK5rxnZHUfCmp2YGS9tJt/wB5RkfqK6Wo5Y1mieF/uupU/QjFMDn/AAffnU/C2m3xOTJbx5I9QMH9RXSV5t8K3ZPDDac/3rG6ntyPQK5x+hr0mgAr5q/aZ00T+GNO1NR81tdNGT/szIf6qK+la8k+OVg198M9UZF3NbBJwB1+RxnH4Zpp2Y0fmLqIUKQ45BycVgSS7UbI6jJ9AAa379nDvG3QcgketcvckpwOSemO4px3sO7+yRRXEO90z1G6qhKx53ZOcqF7c96rqrLd5BOCeB15J6GieYQzu2PvflVWSehMrp3kf//Q+5lPTv70k89taQtNev5cCsBI56KG4yfbmoUJHHSpBaJqsU2m3RJhnU+Zj+6nzfzFfI4ePNUSPo60vduZt1HBEDDAQI0IVcdMAYFcv4kuRb6PcyqcBIWI9jitW4OSI4+MNgn1rjfG92tv4fnXqzgRjj1PX9K+seiPDWr0PDvC8UsuuwyqCwhDP+Yx/WvpjSXKXceVO5lOVPtXgPw9hEl9dTnrHsHPQ7iSf5V7rateI63UQDcqACe2ayitC32O5i+1GN1PBOSp+v4VLaqiwfZZSzNg7mHr1NNiYtcednCY28nv2wKS3jWDe5HzO+WwSRyTj6cVojLQqXmJGEqHDhSuOxWvjD9o6fzPFEEG4gQaXG2PQu7n/CvtCeLJbf8AKFbAI9DXwV8f7lbjxzqyl+IoreAE9NqoDx+LGrTshKzaufPUiiFCOuRn2qiwxLuAA4GV4Iq1KZPKAxwOh9apGQr8jkgk/wBKlS6tnTLbQ0lA27lbLEZA9PpXPyuTKzdhmtlndjuBOFG305rPaKM5Y8811U6zRytLYz8xqDluTzVqAxBzsOdw/I0w245ycnnHfioI4WLoudoP9K9hTU4u5hJqLVkQS27K7Nywz9MZrPvQJIXinbG3lfw7fSugnIdtpGG7CsK+UlggAwMZz7muiEv5kd07NabHTWIex0jBO3KDA+vNYkksbMZGwSQK6jWk8mxSP1A6cZ4ri1QKQGO7ByTXPo9UTFfZKFxqbxIwgQMQMfr6VTubvUIYluVYhSSCoGSOP5VsNYtI25R9cDmkSwbyypJx/EPeuyMoR0Mpxe6Ma2u7m4uIIUl3Fxzxg9eavT/aoZdrsXGevalNolpKJoQVJ+6R1/Cn/Mww5JGcn3reb15lsSk46yJlcxSBCeAN3+TXTabLIw3E5IGa5PIacFRjsBjNdNp0TEEjjgn1rzK1kdVOTvqaVxqXkgD73YY/nVGW8O0y/ez7fyqneQy7dx4PbH+eKgRzJEi7umM571cKaSTRnVk2zXjvJIiJeingZHrWrDq0K7Y2Tcx/ixWS2JrMW5XhTlXzU2mmS0nErgSYPI69KbjFx5rGDclojtrEWRkVZP3beh4rv9OjSOSOVGxgg15lCkupztcsPm/hwOMV6Fouj6vMq5icIMYJzjHrXkV0lrc6ILyPZvFAkvfA8FyPvRzIPwJIqHStavb6Ww09nPlo8UaoDgABhwBWxLaSHwJd2zjPlBJOfZhn9Kb8M/Db+IvE2j2dp8yifzJ2H8KRYck+mRwPrXl0ndfM7naLcn2P0eL+VAGxnAFPRt65/wDrU4dMCgHI5GK6Dx+tyvBEIpZcfxndmrNNBy3FO70MFsUL9in2dh/z2UfmCP61aqnqi7rdD/dliP5OKuV59d2kaoKUmkorFS0Cw4UtMoqozAfRTOlOrRSuAtFFJVXAWlB5puaWqUxWHVGd+8Y5FSVHvxJtJ7V1knmfg3Fh4y8TaSeN88d2g7YlXJx+NeoV5LJMNN+Lw3cLqOmjr/ehYj+VetU2AVj+IdOTV9B1DS5BuF1bSxYP+2pFbFHXikB+OeqxyxStE4wY2KkHsRwf1rkL0IQrJkFRz3ye59ea9b+KOmHR/Gmtaf08m8lCgdlc71/Q14xeb42Bjzz2Hb2rRRuXexnytEMMCfmbJ4PH40y6BVASQQe5A71FJcgRscYVTx07/wBKZPIJbSMKRj+6fXPNTFNOxV9dD//R+31LbiMdatRTQwrKrvtk8txGP72Rgj8jVMSdSwxmobwme3Ea5ACklh7nGP0r5vAr94e5iW1DcyJuokPH0ryP4ozlLCCJCcSOSRn+6OM/nXrJ+VUjTGP1rwv4n3Ktc29v02xMx+pbGf0r357HkxJfh5bIdNuZ2B3STAAj/ZXn+de82G5oI1C7sLkn3B4FePfD9xa+F0LKC0kjuMd+cf0r1TSjcRzozHdC4DY/uZHT3ojoaSXQ6mxD+R5Urb3JJJH14qtZSp500O4yNncSR+GPTNEYjt7xnByzLtwPUZNGNjxOoCiQnPYg9apO+hFrE1yzFMoMsSo/XFfnD8Zrv7T4z1ovglr9o/pswn5DbX6TAbp41cYG4H8K/LD4g6gt5rd5dn71xqE7jJ7F2P8AKqa0JW+pwszy/MN2Cp447VjMpa52EnJrTlLM21un6ZqmMCUBuckHPesY6bHS1dalyQCJSOmR+uOaxTMd5UtxWzcyfJhPuj8K5m5Ll2Y9T0rSDvuYrZ2Hm4k6ZB9/eokllaX5mJKnOR79qhcssZJHXqf50QhNxKE54znpx/jXTTqNbk2XY0RIVYEjcw6k+tZUkwMjOw+X3Pv71fx5qlFGMdDnv6VUuIoljKzDkfpXo0K6i/eNVacbI7zU5N+mQ3A6Fc/pXHoNxw4AycfhXTeYLjQo1yOAFOB/d9PrXORtErAjq3b0NdSS5fd3Ii/esaVsgRdgXPbJ6cVHONrMCCc8cYzmpoTtYZ+YHtn3pJgHZgoGQef8+1ZRtzHbJXiYrqCAvJAAx+HWqxtmYjJwp6V0AjGNswznIP8A9b2rKuSvygDAX+dbc8vhRzuOwyOJXHAx0ya6XSQu9t3XbjPXNYEARwUB/i5/wrvPD1khkwwyoPJPeuXEVLI2pLqU5tKD24IG0MpOfWuXe1eM7AuMHOfWvoW88OLc6Sl1Z8lVIIPvXj19G0ZbYPmXrnrxWeHr8yZFWn3MmFxkI4yT1z0Na1uqSFOMAHnHemeSsqhwOcDt61btohGAOhJziumVT3dCIw+49K8DWln/AGitzc4KRH5Q3IJ+lfUNvqlleWi2pjSMjooAHHrgV8jaTem05X616Xo2vuWTseOR0r5zFRlJ3R1Q5U2e0a2Io/DGoBRwYSOPqK7z9mG2dr3VrqSPaEijUE9RuY/zxXAWkh1TSZ41K7wjyAP0YwjdjnrkjpX1B8FdEXTfCKanIoSfU289sdl6KP5n8aMN8LRzYt6HsfCjA7U0vtGcZpQRUZI4J6e9dNjzHLsHmjzhGB95S2fpUxNQDmVXHqRUjZPynj0oaGnoZevuY9HuJR/Aof8A75INaOc/SqWrosmjXiSHgwSZPXHymjTW36dbMW35iQ7vX5Rz+NeZitGjaLuXqKbS5rh5ix1FNpapMBaWmj0pa0jIVhc0ZpKK05hC/Wl4ptFNMCUdKpyxkSiTceTjFWx0pj8EN6V6UHojNnknj9VsfFHhjVj91riW0kPtIoKj8wa9ZhlEqZxgjqK8t+L8RHhWPUU+9YXlvccegbB/nXoulTCe0SRTkMoP51q1pco06KKKzEfnh+01owsviDJexKAL62imOB/EoMZJ/wC+BXydeIwLHOcDv+tffH7WGl5TRdXx8rCa2Y+h4dc/rXwlfiEHBYDnBNa9FqUchMFBJ+6pX5lPr2qO3dptuGG1cjk4OPpWneCzKtIrKxUEepNZNzFEo+QckEnHbNVGS6kSnrax/9L7aDYI5yO9VpWBSaPkYKgH1BGanJxkiqKyeYsuDwJCB/wEAcfiK+ewEW5tntYprlsZ1x8rhl6Adq+bviDcrN4hlj/55oqfj1P86+j5g2Oe6+lfK/iyQ3Ou3hQk/vCo98cV7dR6WPPhG7PZvB1oYtFsg+CPKVuOxb5v616dmeG3jaPaEDDcTxtWuQ8MWqwWEEHO6JEGPoo/lW9cS+a0liz7XkTcqdAyg85prXRBI1LZpI0jSX9/K25i5GB6gfl0rXE8MkBeQAqoJOPQVk2AdkYlcCM7VHcYH+FXkjL7VIGQp5HueRVIi9ye5vIoLe4uc8W8LyEegCk/0r8ndcmM0sCk5LbpSRz1/wD11+oHjCc23hPW7kEfLp8556ZKED9a/LfW2Ed9HGMZWMgenPX+VKpsEL3MOTd5jBc4wSf6VWUv5uAMktnI/lTZXZcqMAv07fSmwqS68jAHPuaxSsdL2siS8dAj7W6nAz61hSrMgGTz15681uXoj8lsrzn7vbPrWC43FSvGP1roTsZNJIjUsIyewPGD60sbk84xt6etNG1VByck4/OnptVwoHzZB5PU1bkgceiLKMMHrk5OPxqO4VpY1BwxBIJPWlZmIcuBkscgfXt9KZvAwMkgn6ZrSLu9GJScdjotKkddMaIhTtOefesOfcX8xRj1x2rW0pv3Do+ADwMj1rDuv9aQDwR09811wqtv3TaGqRoR3HzDIxngYPrWgsbyIXHy4II9CK52KQKVPJ46+ta8Fzu+V+Nw6H0/xrpTUje62J9jOpfOM9gfz5rDuI2SYIDjd1OeldCzDbt25UAfrVExq0rbhnsPqa6IOyOSSS0KtrG6t6knFem6NdQRwhHAGeRXn7S2648wgHOMfpW7YXUca4fB4wK568OdXOiEklZM+iPC2p27wG0cZWQY5rxzxfpj2OpzKoxHvJU+o9KtaLqZs7hJ0YjBzgkY4r0u7g0rxVp80OR5+3dGe+R0ryafNh53ezOmb51Y8EgztAHGefwrVRdqDnJHH0qhFH5bmJmxglTxzxxVuFDztwwOevX6V6klfVHMpK1ka9rmOUbiRniuv0svvjCHJyAK5ayXcwJGOOc13Xh23Et2gboG5NcdSz3MG9bnpo1qPS40tpVyI4y2f9phgDHvX3j8NbzzvAmhSDkvZQk9v4a/KjVPEUmp+Inii/1SyFRjodowDX6bfCeZ/wDhAtBLfMv2WMHH4irjQ5I6nl163O9D2UFmUkenAqrMvnRlW+UgjHNOSVMbVPfFEy70YAbs1glZmd7kpkQOgyB82B+INQ3plTDRNg9ADWdehzJbzjja65rTndPMWOUZBp8tmir3ViV4xPbOh/5aKVP4jFYmgyEaDZsw3MsCKQvPIABroUIIwvQVzfh8401U6lJJUOf9mRhXj45aJnXTN8cjNFN5pa8pSNLC0uabS5qlIBSaMmkpatSuIdRTc0taKQC0U3NKDVc1wHqac3Kmqtx5nkv5XLgZA9SOamnfy4i/pXpUJXVjORx/j7Tjqng7U7OMZd7WRlH+0o3D9RTfAF//AGh4Y065zy9tHke4AB/UVtzRmW3ljmORIpUj2YYrzT4O6ijeHjYOebOea2GRg4RyR/Ou+2gj2eikGc5zxS1gB4J+0jpQ1H4Y3F0Fy9hPDcD6Z8tv0evzA1KM78ovLcZHtX7CfEbSP7b8B63paAFprOXaP9pV3D9RX5B6uuQVX+LPI962hsWrW1OUkjUKcgM3Vcn9M+9ez/H/AMH6b4d8V27aPGILLUdOtLiELyMvHtbB9MqT+NeIuFaMsMZyFAI6e9et/EXxvp/ivwP4Nidg2o6VZTWV0M5bbE+Ij68qByfetJxVjaCt8R//0/tVMNIOAOcc+nrWXa4gsiudw3O2Seu4k/1q423yXYEjCP39qz440itI7frtjA5/WvJwMbRbPVxTvIimZI4wWJ7HPpXyjMVvPEaovPmXmPr8/wDKvpnXZ1h0m4kX5SsZIY+w96+Y/DsRuvEFomcsHLn2wCetd7eupzQ0Po62YszxBvKZgNhHY11DIgeCQhJJgFQseoB6+9c19n+1wgQyYZZIwSvocH9a1beJYb8uP3m5zz6Acj+dNWE7nUWUxkhExBVixTBHcGrG3YMk89/xNY9i8sM7RythGLHB/vE56/StEP567xlQrkdeTj+hq1oQ2cJ8V7lrX4c626Zy8KxdcffcD+tfmZrTbtVbeo5QZPbqa/R34x6pHpnw7v0Zd7300dumT0ydxb8ADX5p6jcO+qXCqAVBAHfpTlsOm9bme+0ZYgYz1NMsgjzZ5wp+nFQSlpJG+UAjAyPb8KnsgqyOvoBk1ztrc2adri3LFlO85OcjHb2rM8lhKJUcFTkZPT8quXUjIw2ru5I49R61VF1uBJ6D+dbcyRgoy3K32eXfhcHGSMU427jGeoHI9DTGugMEL09+mKX7aqjcq7iwz0prYE3sTeUzgs/BXoM8mmKMLtzkjoP1pTdtsEgGeORntVV7kheF5HNEXfcck1HQ2NLkaFnLnjpz0FMuFiZ9684yR6E1DY3p8xFZcBgRzUl+/qOOoFaTfkdFG8VqzKViJgrAAZJ59fwq+koyBjp2FZs7kguuAM8D1+tRfaJfM3L3GCfarhNrU6k0lqdMs4Y5LYA7d6zZpZEk3A7txzx0FZ5uhkbfmKkde1TibzOT1BOB0HFenRrtaPYzq01NEMlr9ofeWJJ5yeBmt23keJFiL52nvWZEwfDHI2npmr8IYgM/yqP19q9KUoyVjzFFxZYnuL2R1kR9gU447/Wuw0rW7iwTzGYkqMcdzXEwqvmc8bT06gZr02w0GN9KaZmzIwJ/CuPE8qsmjenKTV0c1E7SkyOcF2LY78mtO2Uu42jHGTjjBqk0JTHHKkDGcdOK0rM7W5OB3rKbVtDa/RG7AhC57Dj611E9ydD8OXWpKf3jJ5SN6NJwMe4HNZljaCTanHJ+tZHxFvyFstEgICLmaQdz2X8uawpR56iijirScYuSOa0WVm1OEKf4u/Oa/V/4R3EjfDXRWUj5IBk/RjX5J+H5CmpRFTwXxX6zfBZ1f4daUCcfumAB9nYc16OKjZpHlRejPZ4LjzE3AYOent61chYSSMf7vH/6qzrW3O4sWzkYq8kbRZGe+a8qVikQXoK24dTgBwefrVqdg00ZQ8sePfj9Kq3ZdrWTaRnmp2kCpHLnBYDHv0qWWn0NGL7oPSua0WRWjuY1P+qu51PH+0T/AFro1b5cmuU0tTBqWqRMeDdbwPZ0X+ua8fHK8LnbRetjpx0p3GKhVh61J1FeEmdDQUUdaTNK4h+aWmUA1SkKw/NFJS5rRSYgpaSirvYQ5etSsAy4NQjrUw5FenhJbomRlTKHIReleO+DLYWHjPxFoxfywl4twmP7sy7q9nAId1445BryCSRLP4vhWHy6np6k+7QNj88GvYTMLXWp7eo2qF9BilpqZ28jFOrmNBrqroY3GVYEEexr8cfG2kDRdf1LSiD/AKJdSxD6JIyg/lX7IV+X/wC0JpB0z4laxtG1bho7gemJUGT+YNdFHW8Qe2h8sXWY23RncBkYPv6VjRMxJZjtKZHfkV0N3A6E+RyR13Vizo29nk7+hPFdUqbaNIOV02f/1Ps59n2aQMCSQF6f3jiqEuMle4HNXi8vkoVOAzFXHsFJH61lKhRpGkJJJ4rz8KuWmrHfXd5nFeOZDB4buD3bamPqa8T8IQh9d8/oYo2wfrgfyzXpvxLvjHpENtjmSX1/ugmuG8DxK/2ucrjBVQ3fpmuiTfMTFaXPYLE3LSnyBhGUnPuemPpXSaUkyTomQR5fX/aJ5zXIRzSeRGbeX97uGF9FHBFdvp0FwryhWBTgqffvTuS1ZltYomczz8sTuA7jHFaG4BEMecHI/wC+f8aiVBCjzEZkUFQPUdqiinzsZ0K7gQQexFaLujJtngn7RF5jwtpMPTzr15MeyRsM/ma+AGZWuppA/O8jkeh5r7c/aTulU6Ja5wUhnkAPT5mUD+Rr4fkcZbYQQzuTj3pT10RrT3uxjlSuNxyepHv61FbJkthjzxkU8P5kahgBx24zTIlWJmxkZIA71zXS906qiTVyC9PP7vjGazFKhsg8EcjHerWoKY5QFY4xlj681ndXwxxyfxrZ23Rkk0rPcWRS/IGByOPeo97Jt3ccdBSb9pKcnA7U1SSQQAOMfjSei1JtbYsA4Tg9+/pVYMCC+OM4wanchVCOQP15NRkKVx3A/A1V1uU1puPhl/egrxsPT2rTnQ+Uyj7o+bOeuawyQq7lHT+varFvepK7RK2QuAVz7dTVPuVTa6kc5Ih3YwfSqAMm0qRj3J7Vdllw7BgOffPHris6RyNqp3PbqapN7I6lr1GmZEcI/PA5PpU8V3GOTID6ex7VVWwQzfvG+8Mj1yBSDTN+HRiuf6V2RnHZMXK4q50NvNbmTC4O7ByO5rWSVHzFjaueM9cfSuZTTJljzHLk5zyBxU0lvqClMMrc8n2renVs7pmMlbVnTxm3zujb5h1GfyrqrHWriKHyWbcWBAA7V5tsuOsS/MPQ1et7m8jAEg34yT2r0vawqrXc5pU2n7p3a3JkBeTAH862NKjWedeOe1cbaXgkGHHbgCu18PqR+/7YPJ65PpWFeCSujGM5J2PQNJRFlMrf8sxgV4n4k1b+1deu7qE4RXKJnsE+X9cZr1HW9TGjeHri4BxKy7V/3n+XP4DmvAo5WyMgDPOQOtbZdR3qHHi6m0UdjoLiO+hHy5MijPbrX6k/Bu5Y+BdLABJDSrn1xI1fldo5QXcbdfmXPp1r9T/gUFm8C2pb/lnNMMf8DJ/rV4zfQ4YXtqfRVrKzW+7bgmre5mbA7YqjbyoBsA4xU+9gcL0rymjZEd5IY4ZARnC5qZ2R4oVPPK7apX4k8htg3bgQe1R27sllHnJKgH8aVh7HQxDGVJyCa4+IND4s1JMkiWO3kAPQfKVOP++a3o5JCygNhj1Fc9dytF4u2cYmswfxjcj/ANmrzMbH927HVh376OoVjn6VIrHFVVbI608P0r5ZnquJbzjvRUO7pTgRUmfKTbsU4HNQbuwpwcdM1XoS0TA0vFR7vSl3Zq7kWJM0vWo896XNPm6E2H1KDlT7VBntSoW3Editehg5+/YmS0M+ecRTDGSGGPpXj3jqT+zPF/hjW9vy+fLbv64cAgdvSvUp3KSHcMjNeVfFRSfD8OpsN39n3tvPnuBu2n9DX0aRzrU9480GMSoCwIB49KlqhpnNlG4OQygj8RV+ud9iwr4X/ax0iOLX9K1nG0XVq8DEDq0L7hn8Hr7or5d/ar0s3Pgmx1RRk2d6FJ9FlUr/ADArWg7TVxPY/NnUDHtIG5cnPTk5rl7i4t1Vvl+YLg+mfWul1VXB2qpzu69q5K5RpGAkUH19PTrXvQpxa12MHPoj/9X7OR920Pg/KxH6AVl3JBQxjtU4kUyMRnKIBjtySfzrHupHcFkJ2nPWuahFqCOypK7Z4p8TbhjdWkOcDYW/M4/pUngZI4tFaZiP3srZ+g4HNc58QbgTa40I5EUSqfbPP9a6/wAL2wXwvA8fXdv47802/eGrpandJ5Vpbx3W3BLj8m4P5119kSIQ+SDghSO4J5OPaucZPtVohmIVCrAD1P8ADW5ayKZFkVw22HCj0OOacSX3NW6gNwAgd1VSrAqcZI96c7BpCBkhRyT60om3xYf7xHbtVaVdigIcevvW6MT4/wD2mb1k1y1iz/qLBTg8YLu/9AK+Qo22oANu4jv1Oa+nf2mLm2k8YSrFKrsttbxSL/dIBOPrzn8a+W5URQDnlV79eawqS6G9NLqJLdgfu2XG09u1SbvNhDY4z2PpWe5JYMBu56k1ct2jEXAHpgcUuXq0XN9CjdO4OzrnnntmqIiZzhzgL+lXJmLTvyPQZ9RVR90gO3GeSc/yqW+iNU7x1I+CSAcKeSfwqFAm4tG3uMnmnkr8qoNuRjA7mo9uwgAZJH5H/wCvWid1YxeiuiWUsfnOPbHU4piz7SGPG7GAOaam5Tg9Sf1p+3GMcH6f1qdI6ML3Rha3fiNWijIDPzkdvWsDSryZLwxg7/MIB/pVXUJGuLl5CMAHgVc0KPN6JJAcIC3TrjpXUtIkxvdHWTY3rJyRgjP1pIgcbsAn+Hd71D520mM4JOTgds1O8pJQ45AIOOKxb0O+KV/dLUXzPkhcrnBPerzKj4OM8HAwOOay4y0h8wck9PbFWoDJg575H1IrNb3Ola6EscjRHJ+7+WauQHPB5Ge555PaqgZWO1hgp1zU8UgiO7OVH581tzW3MfZq9zXjt9x44IPGB2q8tqCBgDJqnFKrkKPlwB+Iq0sjblAO7H4dKuE5ImdLoi1HaiL7vylsL7Yr0PSgoRQTwnp3ri7fYU3uOWwMGuiu1uoPDV7fW45gjDce5AOPwNdcarlaLOSpG2iWhxPjTxO17dmztnzDC23jlS/f8ulc7C4bGPmI4+lc+jtKxChsA/N35rVglSBimCCeRX1tJwUVCPQ+bqqTldvQ6vSGJuVwM/MB6g81+qH7P86v4Gwp5S8nX9EP9a/KrTZAHVl6lh1r9Of2eLhh4RuoichL5jn2aKOvOxsbNMcVZcp9N28pH3R04rQaTsDjNYkMvRM8EZyKtGdPXJA/nXklJGpLKWiKHkntWbaXLeUEYc9/oDQ0z7eMZBx9feqtpAk0bSM3qv61OhR0VtJFIxPcHbWFqxWPxBYvxh4J0P1BQ1qW5jSP5T06Zrn9dlxqekzY+UyyoT6boyf/AGWuDFq9NnRh37yOgWTC4FPV8njvVYOCPrT1IOc18mz29S6DipQ3HvVHcCAKkUkYx61BTVy3uNOU9Kqb8dKkV8cnrSIcS0G7Gnbqr7sDJpwfnmgzcSffnNJn2qHceopxNPQXKTqaniOW6dqpbuasQH5wM114aVqiM5x0uZ1yhG/jOOled+PbIX/gvVrIrk/ZnYD1KDcP5V6pdlUQnPJ7VyV2qTxzWknzCdWUj1DAj+tfVR10ONd2SeCdWOp+D9O1BT88lumc+oGK7TK5AbG7rXi3wcvM+EE018+baSzQ49PLcjFeqXVq939m3OVaORXLKccLzj8aJRVwNivLPjXpA1n4X65a4BaOAXCEjOGhYSZ/JTXqfNYfiC3a+06bTNqtHeRSwuD6OhFZR3TKR+LGtKrwsGZcnpnpxXHTOjIZS2GHGP8AP867TxDbeS8ttMctExjcdMMpwfyrg7mJFYZz0XAJxxn1r6OjqtTG8lLRaH//1vrxiqhnHU/0GKw5GcZU9OtaU8u5DxgOxIH1rGupHUHIyMHk1nHsdPW582eL7jfrt4wOQXxke3Fex6Kht9GsIB0ZADj0x1rwbVp/tmrO5JJlnwAPdvaveJFUQWkMZwUVRkdfrUpdTa6sdJ9lS80n7IH2zqBIueCMHjOK6LTdOhhhh3AGWLJyecFu/wCNZsSRSXo2J8ph5OO1WrRXt7m4UOXYngewGQP1o6mT0NeTMDgKM7iA2PQnrUZuAty8DjIVlGTxnd6UkxWNhNnLMoGO/HNU4ZWvZIfNQoRJnB7helWmJH5//HK9W/8AHGtyRjhLoR49diqpI/KvCLgH5RuBJGTn+VelfE7UPtPiXUroHPm31wx55A8xgB9BXlUko37dpPPQ9ie9KSszSDSSbEzukLN1A7etXoTH5QJHJHTHcVmyoiAIgy2eGrSjSRYk29T+XvWN76oqV+qKc8JDBiwBySMiqpt1ViWJ55wnQVPI9zJGVZSQe/NLBb3pOTHgDAGTV6pXI6pFUW5AKZwf5g0gtU2jHOB69MVeit5CC7Y9Md6lEcUSZkG0nsOKFEOblZn/AGQyAlj90ZB6cioXj/dknvwTS3t+I4WeEAtnHPQVx8+oSSbs5PA4BxWkaV9xR12LNposc80g6rzlvU57VtvDBbRCNAAeAD3OBVGwuVeEhc7eTz9emaWaZnGxjjHY+tY1KjTsz0oRSV0Z05kZmOMDA5z1z1pkUzRHyy2CQMfhThlyd44H8v8A9dDwrKoccspyMfpTvfcfK7cyL0JUTYDYHoeTz3/OromCjauAQeo7+9YUc4DiORfmzk464NWRJhgY8FRySfT0qox1Fza2NiJpHD5HyD2yc96nDqHGV7cZ/rVS1nABOOCevYA+1TM5zklee3UYHrUpdGPS17mjE0hZflPTHHtWpHIzEHPPQ/U96w4pWPMfBHU9ua1rWVJpRHk5PQ9qOaz1Mvi0W51unQy3kyKoGBgE+nrXunhnTbK4hk025QNDOhRx6g15LoogiCDoB198169oDCN0K+lcFbE32OqNK2kj558a+AtU8IajKhQyW2S0UgGcoeh4/KuGiKx5bBY4Gf8APavvLxdNZXWl2tveIrs7EHP93HP9K+etT+FhkZ7jRZFMUh3BT1Bz0r6XBYp1Kam9GeFiafs58sTy6yL7lJO0jn2r9Lv2e7rd4a1KNQeLiMj3DRLX5xXOlX2lXL293EUYcc9Ce1foV+zfcg6PqcY6F7dh+Mf/ANavRr1nNK55vKtT6du5pEsQbeQCTjBPrW7FGZrcRBsNgE/5965e1EskjBgDHuHHtXUR7YSqxjjp9BXFdMl6alNVmjvvtBclGG0IegNSmcLcMRxsPQd9wqxKyKVfHfmslLom/lOCR1/Lio6gzo7cmaHcSfYVi+IpJEi06RhjbeoufZwwq/Y3BVgsvUjIFUfFJWfSFkBAMFzBIc/7Mgz+hrlxKvBm1F2kjbSQ8HtVlSpzjsKzkkwOatI4yCeBXx0rXPeLee1PBPIzzUIIIqQHFRcslDEDjmnhhxVYscUJJ2PFAaMuhu9PDCquTjrRuJPXpSQuUtbvSmhjjaTUYYetAJHOKHcLE4NSK4U57CqwODTww9K1p73M5R0LN9Z/aUcqxXcvUeorkJWKSAclh3Ndcs05h2AAkrnOa5SWPGZGPJP86+xpvQ8u/Q88+GDfZPE3iPStuPLvWlT2Ey7sY/CverUq0II45r53sGk0f4q3kcZ/d39pBKmTjJU7G4r6CsJBJDuyP/rinPYZoVC8IkGHJOGyCOoqUHK5pgUhixOQe3pWIj8i/jVof9h/ELXtPRMoLySVQBj5Jv3g/wDQq8FuolA5j4GMAntX2h+1Pp4s/iT9sHyre2UcmcYBKZQ8+vAr41vLgSyMTtCqTx657dsV9BQs4psxnU5b3P/X+rbliCvfvmsHU5vJtZ5ZDhVQ/wAjWvdOpkYDIrjvFM/l6DdSklSYmGenJGKVtDp62ufPFgkdxq9vGx+/KDn6c19IJFFLBtkGGUAjHpivnHQlaTXLdFz8u4/lxX0fZQB1dPmBxsPOM471zo2djpre7SMLuYEGPdz1wKtQyxXE2UwMcnjk56VhR20FyAm7LxR+Uyqeit/+qtxIkjCoB1A59hWi7mbXUkubUyyQyMxDRsSMe9OjZY5RI5+Vd5bHbaM1UluZI5PMbAiKnOeuR3rw/wCIHxd03QI57XTHE9w8bqxzxGWG0k++O1Wld2M3qfFfilp72886JSzyzu5YDPBJPT6mud/sl03NcMBu6Dv9a3tQ1nfgwfIw/PmuOvb6QyFi24tnnPFJxvqbRklo0WXezt5PKCl9v8R4z61Yh1m1jZ/3YXvn29BXG3ErkKYBhuc81jSXAQkqQGPGD0/Kk42Rptqelf2xasxDkA4PHf06VE2oxEtIG5XjC8GvLG1OZpFBOfXHtUw1NlbBOCvXP04p2aJbvrY9De5jlGUJU4yKzZpmlBye2efauUj1NZcODwoxipDfmRSjYI55zV8nUlK+xLeyo9mWGSevHrWC6gRhu/XnrzT5boqdiHg+tZzswO12HPXHTPaqWmxSaXQ3rK6QII++MVLIzsSuMZAyPT/CuTWRkdTnv1rpIZ4ZxmRsNjGO+a46lJp37ndTq8+j0JGO1OSDxjHU49KmVt33sg8dR0HuaQsmCDhT157/AEqshdSWkJfHbt/nNRfQ6mrJBInzjgtj+KpoothJIyTwB/jQuFXEmTkDn6VMhVSq4+X1J/Gq5na0SFGL1ZMqlQrNwucY+n/16sAMkg2ngnkHsDTwF2keoz9MnikDKg+YD0/yfSrTT0sKUC6BkDLdc9DxWvpkQeRXYZUnGO9YcClnUKMqOo6D8K622tyqKqq2SQf/AK9YT00KUddDt9Ji3zKsYzkgV7Jo0TRuDJ90da858L6eS8crrznj6Cu8v73yYWt7f7z8EjsPSvPjB1JcqHVmqceYNX1Jr+8Dg5jUbU/CpbKSUukMGQWYcfQ9awIgGxuHTIrstIto0DXjnGMBAa+kppRioo+YqSc25M6u50bSNcsmW7hVyGALY+YH6967r4YtYeEZ72AuxjuRGAx/h8sEc4+tcSJPstuBIcF8Zx3PvU1leEZI6rWyk0jFq59dadfxXdsktsw/edMHNdTbygpu6HvXx14e8R3dnLKYpim3oM8flXqWk/EadQItQQE5zle4+lHNdk8p7u0oKkNjOO9Yc1wqat5IHBiB4+tU9O1Ww1ZftFnIGO0Aj0/Cor0tHqET9SY3UevUUOVybG3Z3y/azAxw+MjP1q34njJ8O3wXlvK3/ihDD+Vc5agC8WRgASdpPtXR6q5fRr1F5JgkAH0U1nN3izSC1LUMm6NG9Rn86tq5B9qwtKnE2nWs6nO6JD+aitcMSPYcV8ZNWbPfS0Liynv071OsqkYzyazAecmpAQuDUaFWNDftOKlBqiJO5qbeBg1T0Gi2px+FOzzkVWDZPvT9/bGDULuPcnDKDjrTg2ear5PIOOaVcgYFAWLQb1ozjvUW/A4pMnqaaFY07cEx8ehrk7mFxcndkAdq6ixdmicHgg9ax7toy0hYHKnGa+uw0rwTR49RWkzxzxVAYvHWgXobAnWe1LDseHX9Qa9wspTZ2yBucgfXpXh/xIV107T9VA5sNQgkOf7rtsP/AKFXtdnLHNDFJOMbcHArqaJ3Z0cEpljV8dac8u19pBx6+tYlhfCW7e1T7o5U+orUeeMKzPwEPJPtWdtRWPjD9sDRQ1noeuIOVkmtXPXhwrr+qmvzu1CIJKYxgknd+Ffqx+03Yf2j8MrqZQCbOeG4B7ABtrH16NX5Xaoi+arKfmz17cds16+Gl7tmKcdU0f/Q+mrx0ALL1P8AjXA+PbryPDkgH/LRlQe2TXYSnMm1TkYyc15p8TJtunQWvGHfcc+i/wD66xbumdSV3ocB4LRpNZ80gNsXPHXrXutteC3vRHO4AkU8EdwK8i+HEasbyducBFGOxBJr0OW4S4Zty7nTOR7Hp+dRHRG8rW0NuyivIpC1sfvzKXb1UEZH5Gujk1GK1hZpW2eVI0Yc8DHrWPo93BNDEYxsQxg88cnjH4EV80fG74l+XM/hzSpcLGSZWB6ueq59B3q/Iyv2LvxW+MyqX0bw9N8qKVlmU8k5xhf8a+SLnWpLqUrId24nJbrn8aw7y+eR5G6nGct6msU3W9lLOdw6+7elVypP3ikuhsPcBR1yB17nPb8KqXFxlvMKqAoxhfU/yrKubkCRueRjGPfuapi8baR3yRVtJ+8wsy7eI6MCRnuD+FYlwfNIdwN6nOCfX+dWZb7dHsBJJIyapNNC67GGHGR7iq0W6NHddTPZmcsQMEHBx3qEP82Px56YHFTuZF4OMAZ471SZzy7Hpx9DTv2MptWuWEYKMj7rc1H5jAkE4znp05pj7VGM4xjAp5ZZCoxz1/CldvVj30EbMp+XoKbI24FcdecgVIWjOcjHoM0xxGVIHHfPoKdk3cOWyaKx3BRuPXkZqVG29GDgH1qAAZycbc08lU+Rfut39MU7MmEuprQ3x6NjIP3j2FWBcBhwwKk457/lWEfLQEdWPbsaTzig4yCB0rn9mm7o6lXcdGdbFJn7xGF6kc8VKSj42+mef61zSX0qxbT1PXtn0qwmoAMXxjPJB9zU+za3Oh107am8bojEpIOTzjiratvGeMe/eubjvEG7f1xwP5V1XhxLfUbpTPgKvXnjPalKDSTQ1W13Oo0PRLi+lRgmQxBHoK9t0rwW3krJP0A4PtXPaZrGmaSirAvmEDOccZFaF54qvdSTbuMa9gnTn1rBUKlV3loTUxEYaQOjM1np2YLR1JXOSOgqt50oXzc5B65rmLedM7XOSTgevrXU23lEA3TADaDtr040Y01ZHjVa0qjd2dHptqLkK7fKnc12ttHFcsij/VRgdPUVxmn3aXWFiISNTg+/0ru7eRFjVY8YGKu5zXezN2S1hmgVWOc9KoyWwtRlMnjp2qEzyx4weKrzXcske0HBHPNO7GrJkFlLi7OBj2rbjup4XMuOvTmub091Mru9aEkxK45wKL2BnW6Z4gvrSdZoGKMO4P8ATvXqWm+NWmnhfUPm2E/MPevCoZVjjzkZrVhvJUGEYHdiocrsXLY+pYL61v5xLZuGDDJx610xkeeGWPGAcrz3yMV8qafqk8Eu+GQow5+U16TpXj2+hKw3Y81TjJHB/wD11MtmNLW56X4Vk8zQrPacqsYTP+58v9K6VCAeTXmfg/V7WLTY7GVhHKrP8p9CxI/nXfwyB8bTmvkqycZNM9qDTSZojGOTzSsAcHJAFVVJByOpqYMd3FYqxtr1LAOPepkdwOec1TG4cH8KlDHgfnVMn1Lm/HOOT1qcSg4zVItjHPSnBuc5oSK2Lgk/iJ5NO85cVXDZX+tOVhj+VTbuUi0rhs98elPD44zVTIHI6nmnGXIDAcg0WvoOyNO2fDOD3GePas2/PzbyOCeasW0gMwC/xDFZ+pTCMbOSM8V9LgJe4keViFaVzgfHFr9s8J6pD/ELdpV/3ovnX9VrrPDepLqGiWd4ORLEjc+6jOazrwfbbSSCUbVlRkP0YEVxPwz1WVvDVlpcgJaF5Ldj6GNivf6V6iatqc6TR7PZTRogmZdm3KDt3reCo6srYKvxXEfZZ5FYvxHu3e/FaaTOkcUIYls5B68UrCZlfEbSf7c8Faxo20N59lMijGfmCkr+OQK/G3V/mjO5MNnGPXHf2r9vZWSaLa5BzwwNfjV480ttI8S6hpk7Ki291OmCcH5XIX9K7MM7OxVna6P/0foZsNJvyeeB6da8m+KE6lrWDPzBZG5/Af0r1hMsRlvfFeFfEi4B1hIichIl6f7WT0rmm9LHdDc0fAJ8rSJZxwzykD32gV3ds8Fvf+ZOP9cijoeGB/8Ar1x/hCMJoEcgBG7cx/Or13PIwVp2I2hWAHXqCOanm0sW9WaXjfxFp3hjwfNqgcxsi4twDgmTJGPcZ5r83tb1mTUbueed9zsWJY98nJP4nNe7/Hbxv/amqLoGnv8A6Jp2eARtaRuv1wOK+XLidvKeU4z/AHT2BrRaNO40vIme4PlrJlio69+vSs9bmRJVUkeWpz79OopFcLbY+ZsYGOh/zjrWd5u8/LkHuevSt1G900PZ2ZpXEql/NUjcy5yeMY9TWQZZ5SspP3uMDpnvT7hHlZQT15NVmfaXO37p528DApR091bktWepbEr5xINy5yKpzEsd8Yxz14P5U1ZSQO/cHp9aQylQxB5BJz2OahpplfFuxFkdz5bHoP51TKNkrnAzk1IBtkyDnvxTiR1xg88/41rFNbGElzaMiOVXaRnnhvWnBQcMxI9Pf/61SOWBVMAg8n06VC4faCBkdOtNdwtbUSND5nJ6EEnPFO2lmfjIpuFB3ZyF5OKcp38FiA3T0qRR2I2iwM/dGMmkCEg57e9SMpyMCk2MgIPr/nirvdC5ddhgRSu4HBHb3pgG4EHk9/WpVj+YEnIbnrR5TI5YH15FLVdR2e5CWO4FuVpz5Ztx4z0HpU+5JCrS9egqBeJCwPTNUncUtOt0KDlhtzk16D4chZEErIcDp61xVm8TTKJeM8cV6dbXljaxRpGCcDtzzV2M3teLOig89hiJSefu+tdHaWs7HL4jQcZPH/66wrTWGA220WOMZPY1owx6pfhg7FPmBGOg+opt9yEmjfk1Cy08lQBKy9D3z7VLC9zfp5k2UVcYXuarWlhDBIoceYTlizetb8CoFUNjJHHr607tEq26I7u8ms8tERtx0z0rsvCviT7SFhlIO5sdeRXn+rKTCQCRk/mK5DR9UfT9QBViAG9fWptfcXL1PsEIZbQMuOorHvC8WSR1BFV/DOqJf2QRnySODTNTmxwxLYpczehFhLJ3fPGMirzXH8TckDpWRZyjBJ9cfSob2ZkxGp4PekxXRs/adrhT3IrQgudsmWNclHOejH8u1XIbhn5JycZpWe476noFs7hc/wAJPUVZgvnWfO7g9PrXO6Te5k8hiMN/OrFzcpbuxHXtSbBK51txrqwqrSNjB4Ndl4e+IFzbusciNLDnljzgfXvXgW57y9jMxPlpztB6k13tneAKDFgKOMDtWFWnGa5ZI1jPld4n1xY38N3BHcQnKyAEH2IrRDZrxzwTryHGlTNyeU9vUV6qknSvlq1J05crPXpz51c0w46CpQSR1rPjlKtx3qdZQRnv3rC5roWl68/XNOzk+gqsH4z1qYPlRuHTrVKYWJgzcY4p8bevQVXLcEjvS7mBHrVKQJWLqOM/N+FI0nzZXv1qorNnmpwzHr1o8yiQO4IK8EEEZqa+VGhZxyQRxVMn5vmrTmjEkO/IG4A17eXy0aPOxK1TOXubkTN8q428CvMfCFq1vr2rWik7bW/d1H+zOBID+uK9JuvLDEjjkfrXnFjcDT/iVcorBUvLOKYj+88ZKH9K9tHJqz3hD9ohMeMBgRz2NIRGcbflKjBqna3+V8xxgg4/P0rSl2cOMjnmhO4vQzLyV4YGKJkDJ46/WvzM+PmhtY/ETUZAMR3vl3QHc+Ygzx/vA81+l4nSS7mh7HH06c18OftXWBi1vSNUiBAmtXjfHGfKbI6dThq7KLtMUl7rP//S9/fMQGOvp6V87eO5jJr1xjHyYX/vkV9FXTKsYJUMTXy34kuhc6xcOo3bpj7965p6o9CmlfQ9a0QRR6PbWzsQWjB+nrXCfELXIfDmizyyMXuZsxw7e56foOa7q3t44YohKeFRQ35c4r5G+JXiY+I/ETtbsDbWpZEA6bl4JHuaFbZlqDbPG9Xvg0nmyAN3JPUk9Sfxrm7mb5DtIPGMnnFX9RcDMo5UkkA8Y79KxDInksR95vyNaqKexT0RDPPGoZXYsxAGMfrmiRzAq8BlOM8YBz2NMl3GPcpJIOT6g1VLyEMsrjZjjrj6VoEm4p6D5ZNxyn8PGAfT/GmEqRypUE8H0quhYDkcDj3zSiQBjFKM89ufek/QzpyfXqPk8s5API4H1xTFZlYK4DMTyPwpznBALADpVcGVXz94YHXHSktRy0dhxVlb5+M8ECnSL37dOaaHyBt69RmkZ9rbB0GfxquZpkPlQzaznaMZPQD0prNgjPBxjHrUsXlhuh5BwajO0sCeDimmQ1puLjaeny56dqkfyxgg9s4pCylWBGQOKkO3AwOnX1pXKSXQYuXIyRwKR9wX73GaDLGOFAwD9D+NBLSYXPB5AB6e1FxXesUERVcFjj+7npTnAIVQepyaVoiQAe/bjikZFQHb2PWn1Ks0uUT7OjNkHAzjnsaVYmQqrDAJ60qPvYbcgZGTmtC2h+13EaJ8wLc+tGtybwtpudN4c0JLk/aH2nnOMV6dZ6XZkgJGNwHQ/wCFY+lQ+RD5KAA4/wAgV1FiTvG8g443H/PatY6o5bWZILJIVAK5z3HGDWlArpblmON/93sKrS3KknL/ACg9v8asQ3z/ACseVbIwRTvoF1sWomJbGFJ7Zq2GcNg44wSPTFUTPEnLKAwOQQPX2oyJACG2jPJz+lVa61M3FE9ypmhJGeeh9q8c1iR7S9zzyeAO/avXfti+V5ac7eD2ryzxhFGGjuEfHJ7elJJW1NI32PXPhp4gygjdz8uRg+/SvWr+RJFYj5jjIxXyT4Q1UWuojLbd2Ov1r6YN+slosnfHboajzJlua1g+I8SLgE9u9PvImkcFT8p4qHTZoxBhicnOM9quSmNwCSDjqPekxNGMXCb1znJxn6VIkh+zjDYx1rInl33hTIHt608ThY2gzxyaGLl6nQ6dqOJTtPHQVeu7p8+Yx6c1xkEkIkLpyRn8DVia7OFGSAfT+tFhK+51VvO+fTPJ/Gt6yvCuMHj9K4zTrncfm6GugiuFLhAPy6VLXQqyPR9Kvnhu0u0bDIcj8K+mdG1OHVLCK5jPLDn2PcV8hafcEnZnI7e1e1fD7V2guH02VwVkG5PZh1ryMbS5o8y3R1YaVnys9s4P4VMjAkiqImBI7g1NuIIP51896np6dC+pIxipgVGSSeaohsVIj8nJ/Clc1Rf+XsacDyKpLJj1+lSiTnIpthuWt5JOePSnhmyCOKqg7hzx7U4uB7461d9B26FnIx8w/KrKymS0+b7v3azXfcM5q/ZBXtGD9Q2DXqZfJc9rnHio6XOduthKxc5AIP4V5t4iBtvGehXzDKTedbE+5AcD9K9Ou49twdvY/oa8u+It0bfTbPUu9hfwyE/7JOw/zFfRp9jzUr9T2ErIbJdmMqd2B3xWnBLNIWjkPQA59iK5Wzu3exXY4YgBhn866K2n86NZ16FefwpoaWtxduJA8a4zkH3NfNX7VWj/AGjwRZavGoLWN0A5B6JMjL/6EBX0/uSQAJjAPY9K8d+NtjHq3w01yArueG388A+sTBh+gNawlqnYm2jP/9P3fVMQWbSHAwrN9a+WYiLnV4I3AxLONw/HP619J+Jp/K0i5kJHyRMQfTivmrR5B/bkLPysbFiT6Ada4p+Z6NOKWp1PxL8VR+H/AA7IsThbq5BhixyVHc/gK+LpJ+GkO4Y5yck5x1Nd98QfE0mv+I5njYfZ4maONc8BQcE/U15vqE7R2jAjC9BnAP1/Gtru6iacrtdnHTNG8jSElix4B/8A11nSOxcPFgegH58VNNdKAGzu3c9MAf1qvMfKkyy/LgYGeenFb3a0kJ25eVEDGVo8SNgtz1qMYVeWOc5xjjPfFPkZdqgjOf0J7VTVcsVjB4IJqla1iJXTstSw4VGXBLbgcVGyktuXDDjpxzRwkig4Ugcj8aTeoB7c5xSWwSSe4S7N4xkjpk9vpTGO19sZ68e9SxoAPmPv7UpX5AxyWB9scUk1cXI5e8EY2g/KT2b2qJyA37sh8DA4qVJNw2HoTStgTZ+4uBnbzU7MbV0tSMtgDnOO5pCPly2D7elOeUqmzbyaar7SCRk9BTXcmVrkvlhPnxwDn6U19zKAM/MTz6+lJvUMfMzhjwKVXV+MbQO4702wvHZMGiBBGRn255HUU5NqYKtznGKGKhd5zt9/Wn71RRxt3flil5A4KLuRsCWwMhunPSnxwsQy5zj9cVEJGLqCKtsiH5jnPqOx96qStpcIR5k5EJQqQQQcDoO2a7fw9pqhfOPIIDHI6H+lclBbeZIidckDPWvXrKzS108AgAkcY/rT7Myu03ZFlQUYbCFAOSvcYFa9k6O21eFGc5HtWDE7gcg8KPxrodN2TKNi7WHWrvbYzT1uVp5tg8sDG3GQe/pU8d4sarGAcjke2axNYuJUmbaoAB69zisq31Fpfv8AC9sn1ou3YlJXaO4e8jLB2PBUcj1qd7tI4mEYznjA6Vy8crTQNFu+VsYyO49/Srtmxkj2MQBn1qttGaN6WiXJ7jegIJ3AYO3j864jxRO7WUaEZO7jtgn3ralcxSsFJKscrj2rmfEEshttrdSenrVp3M4q7SOc0+5eC4RlJB9f8K+idH11bmyhXH3lGT/nvXzNkBtqdAAc+ntXd6FqyxKkDkqeMZ6fnWehU4PZn0LJqJt4IWXHU5Pt/wDqrobbUEnhBUgtjtxXnmoSH+yoJTwApzz71q6DPHPal1bDKMc98dKHtqY8rSLksqDUWQ5yVyp+lVjhLs4JII5/nUF3eww3ILkF+nvj2rNmvyJN6g7G6568VKTQ7N2kaNzOsasOm44z0HFWUujtXIyTwT71x93eGT90CNnBOP8AP51tQXIQKOvykDHQkUblcr2Z2dhI5IywwOTiunivYIuD7Zrzj+0YbKIF3wW5wf5VZ0q4k1GYlQAmeeamSvuJK2p65p87BC+7IIyMV1Ph7V5Ib+K6UkGNgw/DrXm8d0Le28peAwx74rpNHdgN69x+dZTjdWBaPQ+07G4jubaOdDkOoYY561oq6kYHSvN/AGp/bNGFu2N1udh+h5FehKxr4+pHlk4ntw1SZb3Yxmnq2Tmq6sCRx+FTBgBx3rHpY0VibJxx0HWnqe68CoFGA3YCg7hyaLjLQJORUisduCelVFcgZFTbxg5FU2C7kmQpxmrto2+GaJWwWwR26VnMS2CauWRIn9ihFdmElaojKsrwbKc3nLGXk4Jxj8DXnPxFtje+ENUgRQZBCZF/3o8OP5V65drGI2SQZ7j6153rsUd5bT275KzxsmPZgR/Wvqos8jYPBzNd6da3SNkSW6nHXGRXfREwwKE5API9RXlXwpv4Z/B1m55eAPbv9Y2IH6Yr1gsdkbx4xnNXzC66ElmFVJUU/eYnn35rN1vTYdW0260+cApdQPC/fhgR/WrdhMZi0n+0VOB3Bxin3iyBHZOuOOOOKpS0saW7H//U9E8f3fl6DcqBy+FFfIvibXG0q3ZbY4klQjI7A9T+Ir6X+Jd9FDoxMjbcOM9egya+G9W1WO/u5JwdwYlcY6AdvauKSe6R61G2yZls6ylHkxtJP1x+tYOqyxrCvmOWBYEAcEdeavzk27LhtwY8Z6jPoK5/UWOwbVBPXOOSPp2xVwS3Y23zcqMGcneQeVJ4zxjH+NU7hViBLZI7D39B7VLOy7VkXk9cDnn1+lVWmZkfcMnd+AFb3vsKo43s9xCSMnbywHHbjvQjx4AZj0+bNKWXpzk/wioEKEvvJUAjj/PpSutSV7u245lWRmGMkDjNJ1UNjkcH86RnZG2BhjoSB1oALD5TuKnJp3Iur26kqSKHVVXj880Fj5gZAp+tMkcDaD0HJx0z2pzEqVY/dbt6UtOxd7aXFZAFLKO4x34zSu4D9gpxn1pQ6vMBuwOlIwjQFf73JOeuKFvYTXWLIWYP+8xjg0qJ5b727dPfNTDyynGA2f0pzsxYjhkFXp8NjNxV+ZsRVLrjqR29AaR4whEa8j8hzWpp2n3upXC2luuSxCnHbJrpvE3hUaCinz0JbB25Gc96hySfKy3BWvY8/ZX3bDkYOQO1KQ7Y579D+tOZV85lU4Lc4+lWW2Dpycce1W3ZqxjGnzXbZX2OTx/D3+v86kWGXbgcgHn3pI23DaOCTjH8qnjEjZdR93JI9vX8KpXvZCtazudP4fsfMui+4AgDdn1r06ONVtg5bbgcg9xXE6BbiNf3gwzAD25rtHDC3O4dcjNWr7XJnJbpGejmRypO4qevoD2rodKfa2FHzEHHFc5vZxkjbjg9q6G1uDGUAGCOlDgSnpcx9fi/eAOCeuAPXvXJphMoRgZ/SvRtdjjdfO4wQckHp+FefSrgsFzjcMf59KTBRfU3IrhREAx5A4NaNhPGN27axJ6DvXOWjMyMrdSeKv2C7HyD1PX3o82F30LszHl0Gcdq5TxHKfLXdgHd1z7V1sh2zh8YY8EHpXG+JlEUKb+CSeh4/wD1mnvoPl6o4svIp3EgpntwK2tFdft6HJKg8c1gxiM/M3JzhQfWtzRVjN9COPvDK96FazKevxH0TqADaFDGykrs4I9MVwFnrU1gJETIC88elelRxPNog5z8pAB6AV4ZfrJZ3zwOSqKee1J9jKOujR18WqG8mWSXBwMk9/atG41FcAhtw9e5rixKiY2DDYzx39qQ3gEbMedvQVDuwiknqdELstgnGRyPp9K2P7QMUyxScLEvJ9+tcdHeK5Tbt+g64qje6tGofaxLsTnJxjtn3qku4SV9jtBeSa7eoG/1aEZIGMAV6rpMsEChYCBtGSR/ePWvHtGEFnAgLBmfnK859q7CTUjaQKEI8w4JA9PrTdylGL6ncx6jJe3vkg8K2D9K9L09vs9qADyorx7w3tGby4OHccA8967mLUJZgu0AKOuamSuRotj6A+GuuG31YWsp/d3ShRnsy8ivotHXAIr4m0K+ktjHexNl4CGx64Oa+v8ASb+LULCC9jPyzIrjH+0K+Zx1PllzI9GhO6aOiV8Z45qYMGGOnrWfFL2JqdZADyM15VjtTVi6OOh/OnBlVcE81X3c5HWm5AOO47+1LS+o9ehaD46DgipFwSOKr5Ue4NSBuNufwrXoFu5LuBG0cVJauPPiK5z0/OqO7BOemafG5SVZAfukVdJ8sk0TPVNGpdMzMpPI/qK4vUeNzMM+n4V2VwfJLMeeciuW1GN5dpHyLzx9a+uUtDxWrM8/+ExEU+t6QxIS3vXZQeo38/0r3DcEXqNo/SvnrQ5f7N+ImrWisU+1QQ3K88HAKn9c17TZ3EkqxZ+bcOT6VSB9kadm6xTTwpzlw/8A30P8a0JX3ck/hmspYmjvRID/AA7W+nUVOWLllXjHT3ppifqf/9Xivjt4njQx6DandID5khxkDjAFfKDOglA3EA5YHsc9K9x+M/8AyN1x/uL/ACNeCy/dg/3BXLDVyTPY5nFJoWaSDzCr52qCT6/SuRuJ0lciIcZwFBz+VdFc/wCsm/H+Yrkbf/XD6/1pw6omcrOyK29JJC27jJqAGPLyKMggnHvUMXVvxpYf9S3+6P51typOyClZy1RE3zSFhwBwc1GrMwYsMjGD9akb7sv1FIn+pf8A3v8ACqbOZrW5ExHrwfxp4UDBbhj1xVc/6sVZb7/4Cr3Ij1ZIXjVQqsWzyfbFDFpSFH3h3HpVVfvH8atQf64/QfyrKWiuaczb5S/pemvqGpw6fG3+sbGScV6PbfDe8kkvYHYFIQfKPPzEjI+tcj4V/wCRktv9/wDpX07af62b/gP/AKCa5KlWUZadjrpwjZqx89aF4Hu9Va68w+X9mGAfVumPSqtx4M1awuY0lX5ZW2IexJr2bwp93U/+uh/rS+JP9Zpn/XdKznXmmU6Mb2sU9G0aDwtbGDaJL+aMtj3HYfnXm9x4d1jXdakt7pyZ0G8rjkKTgYBr2HWP+Rjtf9x/5CszTP8Akfbv/r0T/wBCFRGo0nImpFWRwsXw4u5dXmtDgRpHvVx3J4x+BrBs/Ct/dalJppRRLE4VwM8Zr6Mtf+Qtcf7g/nXBaN/yPWq/9dI6uNaUldjUUloeWv4N1GHWk0nb88zYB9uuT+FdfqHw71HSrq2W1ZZVu3EaHB4Yj09K6+7/AOR7s/8AdP8A6Ca9A1X/AI+9D/6/B/6Ca61UejOSUbWscdpvw51FdGN/jdcI2PLxjC56jPeu01H4Z6rb+G49VU75CA0kYODgjIr0Sw/5Bkn0H9a7/Vf+RWP/AFyT+VNTdkc8ldvyPmmP4Y6k+iR60H3OfvRei9j65966LTfhH4nv45pggCwgMpAzu74/zzXrdh/yKx/64r/SvXvC3/IMm+i/yFNTe5PQ+DfFWiT2aiO5RoyuQc+v9a2Lj4eaJN4ROq2lx/pQAkXPTAHK88fhXQ/FH75/3x/KrFr/AMiMP9xqKk2mjVRTV2eNad4Ov7/R5NRs13LFKVIP0yTUWh2NmdSt4b9gkLyLvbsAeCT34r17wV/yJ97/ANdm/lXkCf69f8962bdmKKTPdtT+G/hrSbBZ9QuV+cfI2eDnp8xNeCfETw1Fa2a39hKJ7YNjK84btX0t8Sv+Rbsf+2f9K8I8Uf8AIiH/AK7r/M1xxqSbV2aQXU+bzGCpOCC3IJ/WtbTSsN5E+doLfiSKoSf6tP8APerNt/rrf/ro9dbk07IGkrn03oV5DeaciAggLjg59q828VaOWupLggjBy3fC9uK6nwZ/x5D6f1FR+JvvXP8AuLW1tLnnqTujzIOsKLGckdMkcDtnms+V1KgRsDtb5vbFXrv/AFQ+v9axIf8Alr/vH+VS9rndGKk2mbqSQwhZecRqcj/ZHU1ySXLXEwkOMBicHHGeldHL/wAe03/XF65C1+831H8qm+jZpGKbUT1bw+zJEbu4/wBXGfzOOta1hI+p36qmTg/mtZVj/wAgGT/e/wDZRWp4P/5Ckf8Aun+lK93YzUFY9bsrWGONPOfO37o9xW95mdgiHA54rAPRPxrbtvvpS2ObrY7DTWC26vnr973NfQ3wv1j7Rps2lOebVgUH+w/+BzXzlp//AB6D/er2j4T/APH/AHv/AFyj/wDQjXj413g7nTRfvI+gd/OTwMVOHGADjNUpOhqYdR9P8K+el5Hq/asaEbAL3xUgyR9Kgj+4v1q0n3T+NHS5VugbgB05HWmBx27UrdWquP4vwprVajaLRb5cjp0/GmBvm64/lSL/AKo/U0xqqG4pLQ6BpC8Y7kgVUlmjaNlwCcHjvU0P3F/3V/lWZ/y0b8a+sg/dR4r3PGbpzafEzTJZV2JdWs1uT6lcsPxr2nSflXyvQc14x4j/AOR80D/rpP8A+g17Tpn3n+lbiRoscTCQ55GOKUyhORz2FI38H41Xk6L/AL39KI7hUbR//9k=', 'terlambat', 44942, 0, 1, 'lokasi:Rumah, acc:40m | keluar: lokasi:Rumah, acc:40m', 'Mozilla/5.0 (Macintosh; Intel Mac OS X 10_15_7) AppleWebKit/605.1.15 (KHTML, like Gecko) Version/17.2 Safari/605.1.15', '::1', '2026-04-16 13:29:02', '2026-04-16 13:29:39');

-- --------------------------------------------------------

--
-- Table structure for table `departemen`
--

CREATE TABLE `departemen` (
  `id` int(11) NOT NULL,
  `perusahaan_id` int(11) NOT NULL,
  `nama` varchar(100) COLLATE utf8mb4_unicode_ci NOT NULL,
  `keterangan` text COLLATE utf8mb4_unicode_ci DEFAULT NULL,
  `created_at` timestamp NOT NULL DEFAULT current_timestamp()
) ENGINE=InnoDB DEFAULT CHARSET=utf8mb4 COLLATE=utf8mb4_unicode_ci;

--
-- Dumping data for table `departemen`
--

INSERT INTO `departemen` (`id`, `perusahaan_id`, `nama`, `keterangan`, `created_at`) VALUES
(25, 1, 'Umum', '', '2026-03-27 14:40:15'),
(26, 1, 'Keuangan', '', '2026-03-27 14:40:20'),
(27, 1, 'SIMRS', '', '2026-03-27 14:40:23'),
(28, 1, 'Direksi', '', '2026-03-27 14:40:31');

-- --------------------------------------------------------

--
-- Table structure for table `izin`
--

CREATE TABLE `izin` (
  `id` int(11) NOT NULL,
  `karyawan_id` int(11) NOT NULL,
  `jenis` enum('izin','sakit','cuti','dinas') COLLATE utf8mb4_unicode_ci NOT NULL,
  `tanggal_mulai` date NOT NULL,
  `tanggal_selesai` date NOT NULL,
  `keterangan` text COLLATE utf8mb4_unicode_ci DEFAULT NULL,
  `dokumen` varchar(255) COLLATE utf8mb4_unicode_ci DEFAULT NULL,
  `status` enum('pending','disetujui','ditolak') COLLATE utf8mb4_unicode_ci DEFAULT 'pending',
  `disetujui_oleh` int(11) DEFAULT NULL,
  `catatan_atasan` text COLLATE utf8mb4_unicode_ci DEFAULT NULL,
  `created_at` timestamp NOT NULL DEFAULT current_timestamp(),
  `updated_at` timestamp NOT NULL DEFAULT current_timestamp() ON UPDATE current_timestamp()
) ENGINE=InnoDB DEFAULT CHARSET=utf8mb4 COLLATE=utf8mb4_unicode_ci;

-- --------------------------------------------------------

--
-- Table structure for table `jabatan`
--

CREATE TABLE `jabatan` (
  `id` int(11) NOT NULL,
  `perusahaan_id` int(11) NOT NULL,
  `nama` varchar(100) COLLATE utf8mb4_unicode_ci NOT NULL,
  `keterangan` text COLLATE utf8mb4_unicode_ci DEFAULT NULL,
  `created_at` timestamp NOT NULL DEFAULT current_timestamp()
) ENGINE=InnoDB DEFAULT CHARSET=utf8mb4 COLLATE=utf8mb4_unicode_ci;

--
-- Dumping data for table `jabatan`
--

INSERT INTO `jabatan` (`id`, `perusahaan_id`, `nama`, `keterangan`, `created_at`) VALUES
(26, 1, 'IT Software', 'IT Software dan penanggung jawab SIMRS', '2026-03-27 14:39:43'),
(27, 1, 'IT Hardware', '-', '2026-03-27 14:39:51'),
(28, 1, 'Direktur', '', '2026-03-27 14:39:55'),
(29, 1, 'Kasir', '', '2026-03-27 14:39:59'),
(30, 1, 'Admisi', '', '2026-03-27 14:40:05');

-- --------------------------------------------------------

--
-- Table structure for table `jadwal`
--

CREATE TABLE `jadwal` (
  `id` int(11) NOT NULL,
  `perusahaan_id` int(11) NOT NULL,
  `nama` varchar(150) COLLATE utf8mb4_unicode_ci NOT NULL,
  `shift_id` int(11) NOT NULL,
  `lokasi_id_unused` int(11) DEFAULT NULL,
  `berlaku_dari` date NOT NULL,
  `berlaku_sampai` date DEFAULT NULL,
  `hari_kerja` longtext CHARACTER SET utf8mb4 COLLATE utf8mb4_bin DEFAULT NULL COMMENT 'Array hari kerja: [1,2,3,4,5] = Senin-Jumat' CHECK (json_valid(`hari_kerja`)),
  `keterangan` text COLLATE utf8mb4_unicode_ci DEFAULT NULL,
  `status` enum('aktif','nonaktif') COLLATE utf8mb4_unicode_ci DEFAULT 'aktif',
  `created_at` timestamp NOT NULL DEFAULT current_timestamp(),
  `updated_at` timestamp NOT NULL DEFAULT current_timestamp() ON UPDATE current_timestamp()
) ENGINE=InnoDB DEFAULT CHARSET=utf8mb4 COLLATE=utf8mb4_unicode_ci;

--
-- Dumping data for table `jadwal`
--

INSERT INTO `jadwal` (`id`, `perusahaan_id`, `nama`, `shift_id`, `lokasi_id_unused`, `berlaku_dari`, `berlaku_sampai`, `hari_kerja`, `keterangan`, `status`, `created_at`, `updated_at`) VALUES
(15, 1, 'Kantor1', 23, 5, '2026-03-27', NULL, '[1,2,3,4,5]', '', 'aktif', '2026-03-27 14:43:06', '2026-03-27 14:43:06'),
(16, 1, 'Kantor2', 24, 5, '2026-03-27', NULL, '[6]', '', 'aktif', '2026-03-27 14:43:21', '2026-03-27 14:43:21'),
(17, 1, 'Pagi', 25, 5, '2026-04-16', NULL, '[1,2,3,4,5,6,7]', 'Nakes Pagi', 'aktif', '2026-04-16 12:13:48', '2026-04-16 12:13:48'),
(18, 1, 'Siang', 26, 5, '2026-04-16', NULL, '[1,2,3,4,5,6,7]', 'Nakes Siang', 'aktif', '2026-04-16 12:14:20', '2026-04-16 12:14:20'),
(19, 1, 'Malam', 27, 5, '2026-04-16', NULL, '[1,2,3,4,5,6,7]', 'Nakes Malam', 'aktif', '2026-04-16 12:14:42', '2026-04-16 12:14:42');

-- --------------------------------------------------------

--
-- Table structure for table `jadwal_karyawan`
--

CREATE TABLE `jadwal_karyawan` (
  `id` int(11) NOT NULL,
  `karyawan_id` int(11) NOT NULL,
  `jadwal_id` int(11) NOT NULL,
  `berlaku_dari` date NOT NULL,
  `berlaku_sampai` date DEFAULT NULL,
  `created_at` timestamp NOT NULL DEFAULT current_timestamp()
) ENGINE=InnoDB DEFAULT CHARSET=utf8mb4 COLLATE=utf8mb4_unicode_ci;

--
-- Dumping data for table `jadwal_karyawan`
--

INSERT INTO `jadwal_karyawan` (`id`, `karyawan_id`, `jadwal_id`, `berlaku_dari`, `berlaku_sampai`, `created_at`) VALUES
(23, 16, 15, '2026-04-16', NULL, '2026-04-16 12:08:03'),
(24, 16, 16, '2026-04-16', NULL, '2026-04-16 12:08:03');

-- --------------------------------------------------------

--
-- Table structure for table `karyawan`
--

CREATE TABLE `karyawan` (
  `id` int(11) NOT NULL,
  `perusahaan_id` int(11) NOT NULL,
  `nik` varchar(50) COLLATE utf8mb4_unicode_ci NOT NULL,
  `nama` varchar(150) COLLATE utf8mb4_unicode_ci NOT NULL,
  `email` varchar(100) COLLATE utf8mb4_unicode_ci NOT NULL,
  `password` varchar(255) COLLATE utf8mb4_unicode_ci DEFAULT NULL,
  `telepon` varchar(20) COLLATE utf8mb4_unicode_ci DEFAULT NULL,
  `jabatan_id` int(11) DEFAULT NULL,
  `departemen_id` int(11) DEFAULT NULL,
  `lokasi_id` int(11) DEFAULT NULL,
  `foto` varchar(255) COLLATE utf8mb4_unicode_ci DEFAULT NULL,
  `tanggal_bergabung` date DEFAULT NULL,
  `role` enum('admin','karyawan','manager') COLLATE utf8mb4_unicode_ci DEFAULT 'karyawan',
  `status` enum('aktif','nonaktif','cuti') COLLATE utf8mb4_unicode_ci DEFAULT 'aktif',
  `created_at` timestamp NOT NULL DEFAULT current_timestamp(),
  `updated_at` timestamp NOT NULL DEFAULT current_timestamp() ON UPDATE current_timestamp()
) ENGINE=InnoDB DEFAULT CHARSET=utf8mb4 COLLATE=utf8mb4_unicode_ci;

--
-- Dumping data for table `karyawan`
--

INSERT INTO `karyawan` (`id`, `perusahaan_id`, `nik`, `nama`, `email`, `password`, `telepon`, `jabatan_id`, `departemen_id`, `lokasi_id`, `foto`, `tanggal_bergabung`, `role`, `status`, `created_at`, `updated_at`) VALUES
(6, 1, '16216001', 'M Wira', 'wiramuhammad16@gmail.com', '$2y$10$e57H2WhtYfyOXkydbffbAON9CCs3pq8.bMFToFXuisdyuNUw5GZ.K', '082177846209', 26, 27, 5, NULL, '2026-03-25', 'admin', 'aktif', '2026-03-25 07:26:49', '2026-04-16 12:08:56'),
(16, 1, '16216005', 'M. Giano Shaquille Wiandra', 'wsatria630@gmail.com', '$2y$10$pQSEDUnz880/pi8w9RGjeOz9YNXg2Gg3BbObz/8Wm8cKHU1GVntlK', '08217746209', 27, 27, 16, NULL, '2026-03-27', 'karyawan', 'aktif', '2026-03-27 14:53:52', '2026-04-16 12:09:06');

-- --------------------------------------------------------

--
-- Table structure for table `karyawan_lokasi`
--

CREATE TABLE `karyawan_lokasi` (
  `karyawan_id` int(11) NOT NULL,
  `lokasi_id` int(11) NOT NULL
) ENGINE=InnoDB DEFAULT CHARSET=utf8mb4;

--
-- Dumping data for table `karyawan_lokasi`
--

INSERT INTO `karyawan_lokasi` (`karyawan_id`, `lokasi_id`) VALUES
(6, 5),
(16, 5),
(16, 16);

-- --------------------------------------------------------

--
-- Table structure for table `log_aktivitas`
--

CREATE TABLE `log_aktivitas` (
  `id` int(11) NOT NULL,
  `karyawan_id` int(11) DEFAULT NULL,
  `aksi` varchar(100) COLLATE utf8mb4_unicode_ci DEFAULT NULL,
  `keterangan` text COLLATE utf8mb4_unicode_ci DEFAULT NULL,
  `ip_address` varchar(45) COLLATE utf8mb4_unicode_ci DEFAULT NULL,
  `created_at` timestamp NOT NULL DEFAULT current_timestamp()
) ENGINE=InnoDB DEFAULT CHARSET=utf8mb4 COLLATE=utf8mb4_unicode_ci;

--
-- Dumping data for table `log_aktivitas`
--

INSERT INTO `log_aktivitas` (`id`, `karyawan_id`, `aksi`, `keterangan`, `ip_address`, `created_at`) VALUES
(1, NULL, 'LOGIN', 'Login berhasil dari ::1', '::1', '2026-03-25 02:29:25'),
(2, NULL, 'LOGOUT', 'Logout', '::1', '2026-03-25 02:35:55'),
(3, NULL, 'LOGIN', 'Login berhasil dari ::1', '::1', '2026-03-25 02:36:05'),
(4, NULL, 'LOGOUT', 'Logout', '::1', '2026-03-25 02:36:28'),
(5, NULL, 'LOGIN', 'Login berhasil dari ::1', '::1', '2026-03-25 02:36:51'),
(6, NULL, 'LOGIN', 'Login berhasil dari 172.16.10.134', '172.16.10.134', '2026-03-25 02:44:28'),
(7, NULL, 'LOGOUT', 'Logout', '::1', '2026-03-25 02:49:03'),
(8, NULL, 'LOGIN', 'Login berhasil dari ::1', '::1', '2026-03-25 02:49:11'),
(9, NULL, 'LOGOUT', 'Logout', '::1', '2026-03-25 02:49:39'),
(10, NULL, 'LOGIN', 'Login berhasil dari ::1', '::1', '2026-03-25 02:49:47'),
(11, NULL, 'LOGOUT', 'Logout', '::1', '2026-03-25 02:51:01'),
(12, NULL, 'LOGIN', 'Login berhasil dari ::1', '::1', '2026-03-25 02:51:15'),
(13, NULL, 'ABSEN_MASUK', 'Absen masuk jam 09:51:39, jarak 11m', '::1', '2026-03-25 02:51:39'),
(14, NULL, 'LOGOUT', 'Logout', '::1', '2026-03-25 02:51:54'),
(15, NULL, 'LOGIN', 'Login berhasil dari ::1', '::1', '2026-03-25 02:52:02'),
(16, NULL, 'LOGOUT', 'Logout', '::1', '2026-03-25 03:01:22'),
(17, NULL, 'LOGIN', 'Login berhasil dari ::1', '::1', '2026-03-25 03:01:30'),
(18, NULL, 'ABSEN_KELUAR', 'Absen keluar jam 10:01:47, durasi 10 menit', '::1', '2026-03-25 03:01:47'),
(19, NULL, 'LOGOUT', 'Logout', '::1', '2026-03-25 03:15:11'),
(20, NULL, 'LOGIN', 'Login berhasil dari ::1', '::1', '2026-03-25 03:15:19'),
(21, NULL, 'LOGOUT', 'Logout', '::1', '2026-03-25 03:31:57'),
(22, NULL, 'LOGIN', 'Login berhasil dari ::1', '::1', '2026-03-25 03:34:12'),
(23, NULL, 'ABSEN_MASUK', 'Absen masuk jam 11:35:47, jarak 0m', '::1', '2026-03-25 04:35:47'),
(24, NULL, 'LOGOUT', 'Logout', '::1', '2026-03-25 04:36:07'),
(25, NULL, 'LOGIN', 'Login berhasil dari ::1', '::1', '2026-03-25 04:36:16'),
(26, NULL, 'LOGOUT', 'Logout', '::1', '2026-03-25 04:49:27'),
(27, NULL, 'LOGIN', 'Login berhasil dari ::1', '::1', '2026-03-25 04:49:36'),
(28, NULL, 'ABSEN_KELUAR', 'Absen keluar jam 11:50:12, durasi 14 menit', '::1', '2026-03-25 04:50:12'),
(29, NULL, 'LOGOUT', 'Logout', '::1', '2026-03-25 04:50:34'),
(30, NULL, 'LOGIN', 'Login berhasil dari ::1', '::1', '2026-03-25 04:51:04'),
(31, NULL, 'LOGOUT', 'Logout', '::1', '2026-03-25 06:29:20'),
(32, NULL, 'LOGIN', 'Login berhasil dari ::1', '::1', '2026-03-25 06:29:27'),
(33, NULL, 'ABSEN_MASUK', 'Masuk 2026-03-25 13:33:03, jarak:0m, acc:40m', '::1', '2026-03-25 06:33:03'),
(34, NULL, 'LOGOUT', 'Logout', '::1', '2026-03-25 06:48:31'),
(35, NULL, 'LOGIN', 'Login berhasil dari ::1', '::1', '2026-03-25 06:48:40'),
(36, NULL, 'LOGOUT', 'Logout', '::1', '2026-03-25 06:49:28'),
(37, NULL, 'LOGIN', 'Login berhasil dari ::1', '::1', '2026-03-25 06:54:24'),
(38, NULL, 'LOGOUT', 'Logout', '::1', '2026-03-25 06:54:27'),
(39, NULL, 'LOGIN', 'Login berhasil dari ::1', '::1', '2026-03-25 06:54:29'),
(40, NULL, 'ABSEN_MASUK', 'Masuk 2026-03-25 13:54:39, jarak:11m, acc:35m', '::1', '2026-03-25 06:54:39'),
(41, NULL, 'LOGOUT', 'Logout', '::1', '2026-03-25 06:54:44'),
(42, NULL, 'LOGIN', 'Login berhasil dari ::1', '::1', '2026-03-25 06:54:48'),
(43, NULL, 'LOGOUT', 'Logout', '::1', '2026-03-25 06:56:53'),
(44, 6, 'LOGIN', 'Login berhasil dari ::1', '::1', '2026-03-25 07:26:56'),
(45, 6, 'LOGOUT', 'Logout', '::1', '2026-03-25 07:27:03'),
(46, 6, 'LOGIN', 'Login berhasil dari ::1', '::1', '2026-03-25 07:27:31'),
(47, 6, 'LOGOUT', 'Logout', '::1', '2026-03-25 07:51:30'),
(48, 6, 'LOGIN', 'Login berhasil dari ::1', '::1', '2026-03-25 08:58:46'),
(49, 6, 'LOGOUT', 'Logout', '::1', '2026-03-25 09:01:00'),
(50, NULL, 'LOGIN', 'Login berhasil dari ::1', '::1', '2026-03-25 09:01:07'),
(51, NULL, 'LOGIN', 'Login berhasil dari 192.168.1.5', '192.168.1.5', '2026-03-25 13:41:23'),
(52, NULL, 'LOGOUT', 'Logout', '::1', '2026-03-25 15:35:00'),
(53, 6, 'LOGIN', 'Login berhasil dari ::1', '::1', '2026-03-25 15:35:12'),
(54, 6, 'LOGOUT', 'Logout', '::1', '2026-03-25 15:37:52'),
(55, NULL, 'LOGIN', 'Login berhasil dari ::1', '::1', '2026-03-25 15:38:09'),
(56, NULL, 'LOGOUT', 'Logout', '::1', '2026-03-25 15:38:37'),
(57, 6, 'LOGIN', 'Login berhasil dari ::1', '::1', '2026-03-25 15:39:02'),
(58, 6, 'LOGIN', 'Login berhasil dari 192.168.1.8', '192.168.1.8', '2026-03-25 15:57:30'),
(59, 6, 'LOGOUT', 'Logout', '::1', '2026-03-25 16:02:40'),
(60, NULL, 'LOGIN', 'Login berhasil dari ::1', '::1', '2026-03-25 16:03:06'),
(61, NULL, 'LOGOUT', 'Logout', '::1', '2026-03-25 16:03:23'),
(62, 6, 'LOGIN', 'Login berhasil dari ::1', '::1', '2026-03-25 16:03:28'),
(63, 6, 'LOGOUT', 'Logout', '::1', '2026-03-26 12:13:42'),
(64, 6, 'LOGIN', 'Login berhasil dari ::1', '::1', '2026-03-26 12:17:10'),
(65, 6, 'LOGOUT', 'Logout', '::1', '2026-03-26 12:43:21'),
(66, NULL, 'OTP_SENT', 'OTP dikirim ke wiramuhammad16@gmail.com', '::1', '2026-03-26 12:46:17'),
(67, NULL, 'OTP_SENT', 'OTP dikirim ke wsatria630@gmail.com (dev mode)', '::1', '2026-03-27 14:09:35'),
(68, NULL, 'LOGIN', 'Login berhasil via OTP dari ::1', '::1', '2026-03-27 14:10:01'),
(69, NULL, 'LOGOUT', 'Logout', '::1', '2026-03-27 14:10:11'),
(70, NULL, 'OTP_SENT', 'OTP dikirim ke wiramuhammad16@gmail.com (dev mode)', '::1', '2026-03-27 14:10:39'),
(71, 6, 'LOGIN', 'Login berhasil via OTP dari ::1', '::1', '2026-03-27 14:11:48'),
(72, 6, 'LOGOUT', 'Logout', '::1', '2026-03-27 14:23:19'),
(73, NULL, 'OTP_SENT', 'OTP dikirim ke wiramuhammad16@gmail.com', '::1', '2026-03-27 14:23:34'),
(74, 6, 'LOGIN', 'Login berhasil via OTP dari ::1', '::1', '2026-03-27 14:23:57'),
(75, 6, 'LOGOUT', 'Logout', '::1', '2026-03-27 14:24:06'),
(76, NULL, 'OTP_SENT', 'OTP dikirim ke wiramuhammad16@gmail.com', '::1', '2026-03-27 14:36:37'),
(77, 6, 'LOGIN', 'Login berhasil via OTP dari ::1', '::1', '2026-03-27 14:37:05'),
(78, 6, 'LOGOUT', 'Logout', '::1', '2026-03-27 14:38:55'),
(79, NULL, 'OTP_SENT', 'OTP dikirim ke wiramuhammad16@gmail.com', '::1', '2026-03-27 14:39:07'),
(80, 6, 'LOGIN', 'Login berhasil via OTP dari ::1', '::1', '2026-03-27 14:39:15'),
(81, 6, 'LOGOUT', 'Logout', '::1', '2026-03-27 14:40:43'),
(82, NULL, 'OTP_SENT', 'OTP dikirim ke wsatria630@gmail.com', '::1', '2026-03-27 14:41:34'),
(83, NULL, 'LOGIN', 'Login berhasil via OTP dari ::1', '::1', '2026-03-27 14:41:48'),
(84, NULL, 'LOGOUT', 'Logout', '::1', '2026-03-27 14:41:58'),
(85, NULL, 'OTP_SENT', 'OTP dikirim ke wiramuhammad16@gmail.com', '::1', '2026-03-27 14:42:05'),
(86, 6, 'LOGIN', 'Login berhasil via OTP dari ::1', '::1', '2026-03-27 14:42:20'),
(87, 6, 'LOGOUT', 'Logout', '::1', '2026-03-27 14:53:15'),
(88, NULL, 'OTP_SENT', 'OTP dikirim ke wiramuhammad16@gmail.com', '::1', '2026-03-27 14:57:32'),
(89, 6, 'LOGIN', 'Login berhasil via OTP dari ::1', '::1', '2026-03-27 14:57:45'),
(90, 6, 'LOGOUT', 'Logout', '::1', '2026-03-27 14:59:13'),
(91, NULL, 'OTP_SENT', 'OTP dikirim ke wsatria630@gmail.com', '::1', '2026-03-27 14:59:27'),
(92, 16, 'LOGIN', 'Login berhasil via OTP dari ::1', '::1', '2026-03-27 14:59:47'),
(93, 16, 'LOGOUT', 'Logout', '::1', '2026-03-27 14:59:51'),
(94, NULL, 'OTP_SENT', 'OTP dikirim ke wiramuhammad16@gmail.com', '::1', '2026-03-27 15:02:15'),
(95, 6, 'LOGIN', 'Login berhasil via OTP dari ::1', '::1', '2026-03-27 15:02:22'),
(96, 6, 'LOGOUT', 'Logout', '::1', '2026-03-27 15:05:13'),
(97, NULL, 'OTP_SENT', 'OTP dikirim ke wiramuhammad16@gmail.com', '::1', '2026-04-16 08:59:31'),
(98, 6, 'LOGIN', 'Login berhasil via OTP dari ::1', '::1', '2026-04-16 09:00:03'),
(99, 6, 'LOGOUT', 'Logout', '::1', '2026-04-16 12:05:41'),
(100, NULL, 'OTP_SENT', 'OTP dikirim ke wiramuhammad16@gmail.com', '::1', '2026-04-16 12:05:59'),
(101, 6, 'LOGIN', 'Login berhasil via OTP dari ::1', '::1', '2026-04-16 12:06:08'),
(102, 6, 'LOGOUT', 'Logout', '::1', '2026-04-16 12:53:14'),
(103, NULL, 'OTP_SENT', 'OTP dikirim ke wsatria630@gmail.com', '::1', '2026-04-16 12:53:25'),
(104, 16, 'LOGIN', 'Login berhasil via OTP dari ::1', '::1', '2026-04-16 12:53:57'),
(105, 16, 'ABSEN_MASUK', 'Masuk 2026-04-16 19:56:42, lokasi:Rumah, jarak:25m, acc:40m', '::1', '2026-04-16 12:56:42'),
(106, 16, 'ABSEN_KELUAR', 'Keluar 2026-04-16 19:59:30, lokasi:Rumah, durasi:3m, acc:40m', '::1', '2026-04-16 12:59:30'),
(107, 16, 'LOGOUT', 'Logout', '::1', '2026-04-16 12:59:49'),
(108, NULL, 'OTP_SENT', 'OTP dikirim ke wiramuhammad16@gmail.com', '::1', '2026-04-16 12:59:55'),
(109, 6, 'LOGIN', 'Login berhasil via OTP dari ::1', '::1', '2026-04-16 13:00:06'),
(110, 6, 'LOGOUT', 'Logout', '::1', '2026-04-16 13:02:12'),
(111, NULL, 'OTP_SENT', 'OTP dikirim ke wsatria630@gmail.com', '::1', '2026-04-16 13:02:26'),
(112, 16, 'LOGIN', 'Login berhasil via OTP dari ::1', '::1', '2026-04-16 13:02:39'),
(113, 16, 'ABSEN_MASUK', 'Masuk 2026-04-16 20:04:35, lokasi:Rumah, jarak:30m, terlambat:0s, acc:40m', '::1', '2026-04-16 13:04:35'),
(114, 16, 'ABSEN_KELUAR', 'Keluar 2026-04-16 20:04:58, lokasi:Rumah, durasi:0m, pulang_cepat:0s, acc:40m', '::1', '2026-04-16 13:04:58'),
(115, 16, 'LOGOUT', 'Logout', '::1', '2026-04-16 13:06:11'),
(116, NULL, 'OTP_SENT', 'OTP dikirim ke wiramuhammad16@gmail.com', '::1', '2026-04-16 13:06:18'),
(117, 6, 'LOGIN', 'Login berhasil via OTP dari ::1', '::1', '2026-04-16 13:06:31'),
(118, 6, 'LOGOUT', 'Logout', '::1', '2026-04-16 13:11:08'),
(119, NULL, 'OTP_SENT', 'OTP dikirim ke wsatria630@gmail.com', '::1', '2026-04-16 13:11:21'),
(120, 16, 'LOGIN', 'Login berhasil via OTP dari ::1', '::1', '2026-04-16 13:11:31'),
(121, 16, 'ABSEN_MASUK', 'Masuk 2026-04-16 20:12:00, lokasi:Rumah, jarak:0m, terlambat:43920s, acc:40m', '::1', '2026-04-16 13:12:00'),
(122, 16, 'ABSEN_KELUAR', 'Keluar 2026-04-16 20:14:32, lokasi:Rumah, durasi:3m, pulang_cepat:0s, acc:40m', '::1', '2026-04-16 13:14:32'),
(123, 16, 'ABSEN_MASUK', 'Masuk 2026-04-16 20:29:02, lokasi:Rumah, jarak:30m, terlambat:44942s, acc:40m', '::1', '2026-04-16 13:29:02'),
(124, 16, 'ABSEN_KELUAR', 'Keluar 2026-04-16 20:29:39, lokasi:Rumah, durasi:1m, pulang_cepat:0s, acc:40m', '::1', '2026-04-16 13:29:39'),
(125, 16, 'LOGOUT', 'Logout', '::1', '2026-04-16 13:30:06'),
(126, NULL, 'OTP_SENT', 'OTP dikirim ke wiramuhammad16@gmail.com', '::1', '2026-04-16 13:30:14'),
(127, 6, 'LOGIN', 'Login berhasil via OTP dari ::1', '::1', '2026-04-16 13:30:43'),
(128, 6, 'LOGOUT', 'Logout', '::1', '2026-04-16 13:38:33'),
(129, NULL, 'OTP_SENT', 'OTP dikirim ke wiramuhammad16@gmail.com', '::1', '2026-04-16 13:39:45'),
(130, 6, 'LOGIN', 'Login berhasil via OTP dari ::1', '::1', '2026-04-16 13:39:58'),
(131, 6, 'LOGOUT', 'Logout', '::1', '2026-04-16 13:51:54'),
(132, NULL, 'OTP_SENT', 'OTP dikirim ke wiramuhammad16@gmail.com', '::1', '2026-04-17 01:36:40'),
(133, 6, 'LOGIN', 'Login berhasil via OTP dari ::1', '::1', '2026-04-17 01:37:49'),
(134, 6, 'LOGOUT', 'Logout', '::1', '2026-04-17 01:47:36');

-- --------------------------------------------------------

--
-- Table structure for table `lokasi`
--

CREATE TABLE `lokasi` (
  `id` int(11) NOT NULL,
  `perusahaan_id` int(11) NOT NULL,
  `nama` varchar(150) COLLATE utf8mb4_unicode_ci NOT NULL,
  `alamat` text COLLATE utf8mb4_unicode_ci DEFAULT NULL,
  `latitude` decimal(10,8) NOT NULL,
  `longitude` decimal(11,8) NOT NULL,
  `radius_meter` int(11) DEFAULT 100 COMMENT 'Radius toleransi dalam meter',
  `status` enum('aktif','nonaktif') COLLATE utf8mb4_unicode_ci DEFAULT 'aktif',
  `created_at` timestamp NOT NULL DEFAULT current_timestamp(),
  `updated_at` timestamp NOT NULL DEFAULT current_timestamp() ON UPDATE current_timestamp()
) ENGINE=InnoDB DEFAULT CHARSET=utf8mb4 COLLATE=utf8mb4_unicode_ci;

--
-- Dumping data for table `lokasi`
--

INSERT INTO `lokasi` (`id`, `perusahaan_id`, `nama`, `alamat`, `latitude`, `longitude`, `radius_meter`, `status`, `created_at`, `updated_at`) VALUES
(5, 1, 'RS Permata Hati', 'Sungai Pinang', '-1.48846827', '102.10298922', 100, 'aktif', '2026-03-25 02:47:55', '2026-03-25 02:47:55'),
(16, 1, 'Rumah', 'BCG 2 Untuk karyawan WFH', '-1.52180794', '102.12555680', 100, 'aktif', '2026-04-16 12:07:26', '2026-04-16 12:07:26');

-- --------------------------------------------------------

--
-- Table structure for table `otp_login`
--

CREATE TABLE `otp_login` (
  `id` int(11) NOT NULL,
  `email` varchar(150) COLLATE utf8mb4_unicode_ci NOT NULL,
  `otp` char(6) COLLATE utf8mb4_unicode_ci NOT NULL,
  `expires_at` datetime NOT NULL,
  `used` tinyint(1) DEFAULT 0,
  `ip_address` varchar(45) COLLATE utf8mb4_unicode_ci DEFAULT NULL,
  `created_at` timestamp NOT NULL DEFAULT current_timestamp()
) ENGINE=InnoDB DEFAULT CHARSET=utf8mb4 COLLATE=utf8mb4_unicode_ci;

-- --------------------------------------------------------

--
-- Table structure for table `perusahaan`
--

CREATE TABLE `perusahaan` (
  `id` int(11) NOT NULL,
  `nama` varchar(200) COLLATE utf8mb4_unicode_ci NOT NULL,
  `alamat` text COLLATE utf8mb4_unicode_ci DEFAULT NULL,
  `telepon` varchar(20) COLLATE utf8mb4_unicode_ci DEFAULT NULL,
  `email` varchar(100) COLLATE utf8mb4_unicode_ci DEFAULT NULL,
  `logo` varchar(255) COLLATE utf8mb4_unicode_ci DEFAULT NULL,
  `website` varchar(100) COLLATE utf8mb4_unicode_ci DEFAULT NULL,
  `npwp` varchar(30) COLLATE utf8mb4_unicode_ci DEFAULT NULL,
  `created_at` timestamp NOT NULL DEFAULT current_timestamp(),
  `updated_at` timestamp NOT NULL DEFAULT current_timestamp() ON UPDATE current_timestamp()
) ENGINE=InnoDB DEFAULT CHARSET=utf8mb4 COLLATE=utf8mb4_unicode_ci;

--
-- Dumping data for table `perusahaan`
--

INSERT INTO `perusahaan` (`id`, `nama`, `alamat`, `telepon`, `email`, `logo`, `website`, `npwp`, `created_at`, `updated_at`) VALUES
(1, 'PT. DailyFix', 'Gang Beo Nias, Blok A02, Muara Bungo - Jambi', '082177846209', 'info@dailyfix.id', NULL, 'www.dailyfix.id', '123123123', '2026-03-25 02:28:42', '2026-03-25 16:04:10'),
(2, 'PT. DailyFix Indonesia', 'Jl. Sudirman No. 123, Jakarta Pusat, DKI Jakarta 10220', '021-55555555', 'info@dailyfix.id', NULL, 'www.dailyfix.id', NULL, '2026-03-26 12:24:13', '2026-03-26 12:24:13'),
(3, 'PT. DailyFix Indonesia', 'Jl. Sudirman No. 123, Jakarta Pusat, DKI Jakarta 10220', '021-55555555', 'info@dailyfix.id', NULL, 'www.dailyfix.id', NULL, '2026-03-26 12:26:05', '2026-03-26 12:26:05'),
(4, 'PT. DailyFix Indonesia', 'Jl. Sudirman No. 123, Jakarta Pusat, DKI Jakarta 10220', '021-55555555', 'info@dailyfix.id', NULL, 'www.dailyfix.id', NULL, '2026-03-26 12:37:36', '2026-03-26 12:37:36');

-- --------------------------------------------------------

--
-- Table structure for table `shift`
--

CREATE TABLE `shift` (
  `id` int(11) NOT NULL,
  `perusahaan_id` int(11) NOT NULL,
  `nama` varchar(100) COLLATE utf8mb4_unicode_ci NOT NULL,
  `jam_masuk` time NOT NULL,
  `jam_keluar` time NOT NULL,
  `toleransi_terlambat_detik` int(11) DEFAULT 0 COMMENT 'Total detik toleransi keterlambatan',
  `toleransi_pulang_cepat_detik` int(11) NOT NULL DEFAULT 0,
  `keterangan` text COLLATE utf8mb4_unicode_ci DEFAULT NULL,
  `status` enum('aktif','nonaktif') COLLATE utf8mb4_unicode_ci DEFAULT 'aktif',
  `created_at` timestamp NOT NULL DEFAULT current_timestamp(),
  `updated_at` timestamp NOT NULL DEFAULT current_timestamp() ON UPDATE current_timestamp()
) ENGINE=InnoDB DEFAULT CHARSET=utf8mb4 COLLATE=utf8mb4_unicode_ci;

--
-- Dumping data for table `shift`
--

INSERT INTO `shift` (`id`, `perusahaan_id`, `nama`, `jam_masuk`, `jam_keluar`, `toleransi_terlambat_detik`, `toleransi_pulang_cepat_detik`, `keterangan`, `status`, `created_at`, `updated_at`) VALUES
(23, 1, 'Kantor1', '08:00:00', '16:00:00', 900, 300, '', 'aktif', '2026-03-27 14:37:51', '2026-04-16 13:33:04'),
(24, 1, 'Kantor2', '08:00:00', '13:00:00', 900, 300, '', 'aktif', '2026-03-27 14:38:06', '2026-04-16 13:33:11'),
(25, 1, 'Shift1', '08:00:00', '14:00:00', 900, 300, '', 'aktif', '2026-03-27 14:38:19', '2026-04-16 13:33:18'),
(26, 1, 'Shift2', '14:00:00', '20:00:00', 900, 300, '', 'aktif', '2026-03-27 14:38:36', '2026-04-16 13:33:25'),
(27, 1, 'Shift3', '20:00:00', '08:00:00', 900, 300, '', 'aktif', '2026-03-27 14:38:49', '2026-04-16 13:33:30');

-- --------------------------------------------------------

--
-- Table structure for table `smtp_settings`
--

CREATE TABLE `smtp_settings` (
  `id` int(11) NOT NULL,
  `perusahaan_id` int(11) NOT NULL,
  `host` varchar(100) COLLATE utf8mb4_unicode_ci DEFAULT 'smtp.gmail.com',
  `port` int(11) DEFAULT 587,
  `encryption` enum('tls','ssl','none') COLLATE utf8mb4_unicode_ci DEFAULT 'tls',
  `username` varchar(150) COLLATE utf8mb4_unicode_ci DEFAULT NULL,
  `password` varchar(255) COLLATE utf8mb4_unicode_ci DEFAULT NULL,
  `from_email` varchar(150) COLLATE utf8mb4_unicode_ci DEFAULT NULL,
  `from_name` varchar(100) COLLATE utf8mb4_unicode_ci DEFAULT NULL,
  `is_active` tinyint(1) DEFAULT 1,
  `updated_at` timestamp NOT NULL DEFAULT current_timestamp() ON UPDATE current_timestamp()
) ENGINE=InnoDB DEFAULT CHARSET=utf8mb4 COLLATE=utf8mb4_unicode_ci;

--
-- Dumping data for table `smtp_settings`
--

INSERT INTO `smtp_settings` (`id`, `perusahaan_id`, `host`, `port`, `encryption`, `username`, `password`, `from_email`, `from_name`, `is_active`, `updated_at`) VALUES
(1, 1, 'smtp.gmail.com', 587, 'tls', 'xxx', 'xxx', 'xxx', 'DailyFix Absensi', 1, '2026-04-17 01:48:39');

--
-- Indexes for dumped tables
--

--
-- Indexes for table `absensi`
--
ALTER TABLE `absensi`
  ADD PRIMARY KEY (`id`),
  ADD UNIQUE KEY `unique_absensi` (`karyawan_id`,`tanggal`),
  ADD KEY `jadwal_id` (`jadwal_id`),
  ADD KEY `shift_id` (`shift_id`);

--
-- Indexes for table `departemen`
--
ALTER TABLE `departemen`
  ADD PRIMARY KEY (`id`),
  ADD KEY `perusahaan_id` (`perusahaan_id`);

--
-- Indexes for table `izin`
--
ALTER TABLE `izin`
  ADD PRIMARY KEY (`id`),
  ADD KEY `karyawan_id` (`karyawan_id`),
  ADD KEY `disetujui_oleh` (`disetujui_oleh`);

--
-- Indexes for table `jabatan`
--
ALTER TABLE `jabatan`
  ADD PRIMARY KEY (`id`),
  ADD KEY `perusahaan_id` (`perusahaan_id`);

--
-- Indexes for table `jadwal`
--
ALTER TABLE `jadwal`
  ADD PRIMARY KEY (`id`),
  ADD KEY `perusahaan_id` (`perusahaan_id`),
  ADD KEY `shift_id` (`shift_id`),
  ADD KEY `lokasi_id` (`lokasi_id_unused`);

--
-- Indexes for table `jadwal_karyawan`
--
ALTER TABLE `jadwal_karyawan`
  ADD PRIMARY KEY (`id`),
  ADD KEY `karyawan_id` (`karyawan_id`),
  ADD KEY `jadwal_id` (`jadwal_id`);

--
-- Indexes for table `karyawan`
--
ALTER TABLE `karyawan`
  ADD PRIMARY KEY (`id`),
  ADD UNIQUE KEY `nik` (`nik`),
  ADD UNIQUE KEY `email` (`email`),
  ADD KEY `perusahaan_id` (`perusahaan_id`),
  ADD KEY `jabatan_id` (`jabatan_id`),
  ADD KEY `departemen_id` (`departemen_id`),
  ADD KEY `lokasi_id` (`lokasi_id`);

--
-- Indexes for table `karyawan_lokasi`
--
ALTER TABLE `karyawan_lokasi`
  ADD PRIMARY KEY (`karyawan_id`,`lokasi_id`),
  ADD KEY `fk_kl_lokasi` (`lokasi_id`);

--
-- Indexes for table `log_aktivitas`
--
ALTER TABLE `log_aktivitas`
  ADD PRIMARY KEY (`id`),
  ADD KEY `karyawan_id` (`karyawan_id`);

--
-- Indexes for table `lokasi`
--
ALTER TABLE `lokasi`
  ADD PRIMARY KEY (`id`),
  ADD KEY `perusahaan_id` (`perusahaan_id`);

--
-- Indexes for table `otp_login`
--
ALTER TABLE `otp_login`
  ADD PRIMARY KEY (`id`),
  ADD KEY `idx_email` (`email`),
  ADD KEY `idx_expires` (`expires_at`);

--
-- Indexes for table `perusahaan`
--
ALTER TABLE `perusahaan`
  ADD PRIMARY KEY (`id`);

--
-- Indexes for table `shift`
--
ALTER TABLE `shift`
  ADD PRIMARY KEY (`id`),
  ADD KEY `perusahaan_id` (`perusahaan_id`);

--
-- Indexes for table `smtp_settings`
--
ALTER TABLE `smtp_settings`
  ADD PRIMARY KEY (`id`),
  ADD UNIQUE KEY `unique_perusahaan` (`perusahaan_id`);

--
-- AUTO_INCREMENT for dumped tables
--

--
-- AUTO_INCREMENT for table `absensi`
--
ALTER TABLE `absensi`
  MODIFY `id` int(11) NOT NULL AUTO_INCREMENT, AUTO_INCREMENT=9;

--
-- AUTO_INCREMENT for table `departemen`
--
ALTER TABLE `departemen`
  MODIFY `id` int(11) NOT NULL AUTO_INCREMENT, AUTO_INCREMENT=29;

--
-- AUTO_INCREMENT for table `izin`
--
ALTER TABLE `izin`
  MODIFY `id` int(11) NOT NULL AUTO_INCREMENT;

--
-- AUTO_INCREMENT for table `jabatan`
--
ALTER TABLE `jabatan`
  MODIFY `id` int(11) NOT NULL AUTO_INCREMENT, AUTO_INCREMENT=31;

--
-- AUTO_INCREMENT for table `jadwal`
--
ALTER TABLE `jadwal`
  MODIFY `id` int(11) NOT NULL AUTO_INCREMENT, AUTO_INCREMENT=20;

--
-- AUTO_INCREMENT for table `jadwal_karyawan`
--
ALTER TABLE `jadwal_karyawan`
  MODIFY `id` int(11) NOT NULL AUTO_INCREMENT, AUTO_INCREMENT=25;

--
-- AUTO_INCREMENT for table `karyawan`
--
ALTER TABLE `karyawan`
  MODIFY `id` int(11) NOT NULL AUTO_INCREMENT, AUTO_INCREMENT=17;

--
-- AUTO_INCREMENT for table `log_aktivitas`
--
ALTER TABLE `log_aktivitas`
  MODIFY `id` int(11) NOT NULL AUTO_INCREMENT, AUTO_INCREMENT=135;

--
-- AUTO_INCREMENT for table `lokasi`
--
ALTER TABLE `lokasi`
  MODIFY `id` int(11) NOT NULL AUTO_INCREMENT, AUTO_INCREMENT=17;

--
-- AUTO_INCREMENT for table `otp_login`
--
ALTER TABLE `otp_login`
  MODIFY `id` int(11) NOT NULL AUTO_INCREMENT, AUTO_INCREMENT=22;

--
-- AUTO_INCREMENT for table `perusahaan`
--
ALTER TABLE `perusahaan`
  MODIFY `id` int(11) NOT NULL AUTO_INCREMENT, AUTO_INCREMENT=5;

--
-- AUTO_INCREMENT for table `shift`
--
ALTER TABLE `shift`
  MODIFY `id` int(11) NOT NULL AUTO_INCREMENT, AUTO_INCREMENT=28;

--
-- AUTO_INCREMENT for table `smtp_settings`
--
ALTER TABLE `smtp_settings`
  MODIFY `id` int(11) NOT NULL AUTO_INCREMENT, AUTO_INCREMENT=2;

--
-- Constraints for dumped tables
--

--
-- Constraints for table `absensi`
--
ALTER TABLE `absensi`
  ADD CONSTRAINT `absensi_ibfk_1` FOREIGN KEY (`karyawan_id`) REFERENCES `karyawan` (`id`) ON DELETE CASCADE,
  ADD CONSTRAINT `absensi_ibfk_2` FOREIGN KEY (`jadwal_id`) REFERENCES `jadwal` (`id`) ON DELETE SET NULL,
  ADD CONSTRAINT `absensi_ibfk_3` FOREIGN KEY (`shift_id`) REFERENCES `shift` (`id`) ON DELETE SET NULL;

--
-- Constraints for table `departemen`
--
ALTER TABLE `departemen`
  ADD CONSTRAINT `departemen_ibfk_1` FOREIGN KEY (`perusahaan_id`) REFERENCES `perusahaan` (`id`) ON DELETE CASCADE;

--
-- Constraints for table `izin`
--
ALTER TABLE `izin`
  ADD CONSTRAINT `izin_ibfk_1` FOREIGN KEY (`karyawan_id`) REFERENCES `karyawan` (`id`) ON DELETE CASCADE,
  ADD CONSTRAINT `izin_ibfk_2` FOREIGN KEY (`disetujui_oleh`) REFERENCES `karyawan` (`id`) ON DELETE SET NULL;

--
-- Constraints for table `jabatan`
--
ALTER TABLE `jabatan`
  ADD CONSTRAINT `jabatan_ibfk_1` FOREIGN KEY (`perusahaan_id`) REFERENCES `perusahaan` (`id`) ON DELETE CASCADE;

--
-- Constraints for table `jadwal`
--
ALTER TABLE `jadwal`
  ADD CONSTRAINT `jadwal_ibfk_1` FOREIGN KEY (`perusahaan_id`) REFERENCES `perusahaan` (`id`) ON DELETE CASCADE,
  ADD CONSTRAINT `jadwal_ibfk_2` FOREIGN KEY (`shift_id`) REFERENCES `shift` (`id`) ON DELETE CASCADE,
  ADD CONSTRAINT `jadwal_ibfk_3` FOREIGN KEY (`lokasi_id_unused`) REFERENCES `lokasi` (`id`) ON DELETE CASCADE;

--
-- Constraints for table `jadwal_karyawan`
--
ALTER TABLE `jadwal_karyawan`
  ADD CONSTRAINT `jadwal_karyawan_ibfk_1` FOREIGN KEY (`karyawan_id`) REFERENCES `karyawan` (`id`) ON DELETE CASCADE,
  ADD CONSTRAINT `jadwal_karyawan_ibfk_2` FOREIGN KEY (`jadwal_id`) REFERENCES `jadwal` (`id`) ON DELETE CASCADE;

--
-- Constraints for table `karyawan`
--
ALTER TABLE `karyawan`
  ADD CONSTRAINT `karyawan_ibfk_1` FOREIGN KEY (`perusahaan_id`) REFERENCES `perusahaan` (`id`) ON DELETE CASCADE,
  ADD CONSTRAINT `karyawan_ibfk_2` FOREIGN KEY (`jabatan_id`) REFERENCES `jabatan` (`id`) ON DELETE SET NULL,
  ADD CONSTRAINT `karyawan_ibfk_3` FOREIGN KEY (`departemen_id`) REFERENCES `departemen` (`id`) ON DELETE SET NULL,
  ADD CONSTRAINT `karyawan_ibfk_4` FOREIGN KEY (`lokasi_id`) REFERENCES `lokasi` (`id`) ON DELETE SET NULL;

--
-- Constraints for table `karyawan_lokasi`
--
ALTER TABLE `karyawan_lokasi`
  ADD CONSTRAINT `fk_kl_karyawan` FOREIGN KEY (`karyawan_id`) REFERENCES `karyawan` (`id`) ON DELETE CASCADE,
  ADD CONSTRAINT `fk_kl_lokasi` FOREIGN KEY (`lokasi_id`) REFERENCES `lokasi` (`id`) ON DELETE CASCADE;

--
-- Constraints for table `log_aktivitas`
--
ALTER TABLE `log_aktivitas`
  ADD CONSTRAINT `log_aktivitas_ibfk_1` FOREIGN KEY (`karyawan_id`) REFERENCES `karyawan` (`id`) ON DELETE SET NULL;

--
-- Constraints for table `lokasi`
--
ALTER TABLE `lokasi`
  ADD CONSTRAINT `lokasi_ibfk_1` FOREIGN KEY (`perusahaan_id`) REFERENCES `perusahaan` (`id`) ON DELETE CASCADE;

--
-- Constraints for table `shift`
--
ALTER TABLE `shift`
  ADD CONSTRAINT `shift_ibfk_1` FOREIGN KEY (`perusahaan_id`) REFERENCES `perusahaan` (`id`) ON DELETE CASCADE;

--
-- Constraints for table `smtp_settings`
--
ALTER TABLE `smtp_settings`
  ADD CONSTRAINT `smtp_settings_ibfk_1` FOREIGN KEY (`perusahaan_id`) REFERENCES `perusahaan` (`id`) ON DELETE CASCADE;
COMMIT;

/*!40101 SET CHARACTER_SET_CLIENT=@OLD_CHARACTER_SET_CLIENT */;
/*!40101 SET CHARACTER_SET_RESULTS=@OLD_CHARACTER_SET_RESULTS */;
/*!40101 SET COLLATION_CONNECTION=@OLD_COLLATION_CONNECTION */;
